brand,model,width,height,megapixels,status,replace,imageUrl
"Alfa Romeo","147","200","82","0.016","critical","true","https://cdn.sanity.io/images/wensahkh/production/017faf2486892c8c6dd7ad95d8d95dc1f0feedea-200x82.png"
"Alfa Romeo","156","200","82","0.016","critical","true","https://cdn.sanity.io/images/wensahkh/production/4b59883ec7ccdd9cf572b38fab8339b7b294c8e4-200x82.png"
"Alfa Romeo","159","200","100","0.02","critical","true","https://cdn.sanity.io/images/wensahkh/production/987481912e991ac9edb959167a9d9caf3fe74dda-200x100.png"
"Alfa Romeo","166","200","82","0.016","critical","true","https://cdn.sanity.io/images/wensahkh/production/934a6838c15c413943b2f876c662cab79baea906-200x82.png"
"Alfa Romeo","4C","200","80","0.016","critical","true","https://cdn.sanity.io/images/wensahkh/production/7362a04ed70a84c0720f87ce6ff3bc1ed919f5fa-200x80.png"
"Alfa Romeo","Brennero","200","75","0.015","critical","true","https://cdn.sanity.io/images/wensahkh/production/0662536359d44234abf42fbabc6fb56198471264-200x75.png"
"Alfa Romeo","Brera","200","133","0.027","critical","true","https://cdn.sanity.io/images/wensahkh/production/f50d6b161932d3c5fd1b759ff4f95eb52dbb0200-200x133.png"
"Alfa Romeo","CrossWagon","200","75","0.015","critical","true","https://cdn.sanity.io/images/wensahkh/production/696aaabddc3d55ff7b0f48047947af9c85af40b4-200x75.png"
"Alfa Romeo","Giulia","200","80","0.016","critical","true","https://cdn.sanity.io/images/wensahkh/production/60a2e00f703bc243ad5ed7d980b95a4f89cc0c20-200x80.png"
"Alfa Romeo","Giulietta","200","80","0.016","critical","true","https://cdn.sanity.io/images/wensahkh/production/6bef4ba97accbd0f82aa07f46c3c2828305cecdd-200x80.png"
"Alfa Romeo","GT","200","82","0.016","critical","true","https://cdn.sanity.io/images/wensahkh/production/17ca040689e4f5d1257cfaebf48d45bb9de8740c-200x82.png"
"Alfa Romeo","Junior","200","75","0.015","critical","true","https://cdn.sanity.io/images/wensahkh/production/0662536359d44234abf42fbabc6fb56198471264-200x75.png"
"Alfa Romeo","Milano","200","75","0.015","critical","true","https://cdn.sanity.io/images/wensahkh/production/0662536359d44234abf42fbabc6fb56198471264-200x75.png"
"Alfa Romeo","MiTo","200","85","0.017","critical","true","https://cdn.sanity.io/images/wensahkh/production/aa64fba78fa3c47e856932cbdaa32c84debd174c-200x85.png"
"Alfa Romeo","Spider","200","80","0.016","critical","true","https://cdn.sanity.io/images/wensahkh/production/e29b4575a597e7157b20f6f0cee4bc0858926ba1-200x80.png"
"Alfa Romeo","Stelvio","200","80","0.016","critical","true","https://cdn.sanity.io/images/wensahkh/production/225c572e90b211a1f57e9b64aaa800a3c78127a4-200x80.png"
"Alfa Romeo","Tonale","200","75","0.015","critical","true","https://cdn.sanity.io/images/wensahkh/production/0662536359d44234abf42fbabc6fb56198471264-200x75.png"
"Alpina","B3","200","75","0.015","critical","true","https://cdn.sanity.io/images/wensahkh/production/0662536359d44234abf42fbabc6fb56198471264-200x75.png"
"Alpina","B3 S","182","72","0.013","critical","true","https://cdn.sanity.io/images/wensahkh/production/1494594406d4e6311c0cd0c945af7d176b24f760-182x72.png"
"Alpina","B4","200","79","0.016","critical","true","https://cdn.sanity.io/images/wensahkh/production/3d65bb269dc163ed3c6cbc2740f10b1f29f90fbc-200x79.png"
"Alpina","B5","200","79","0.016","critical","true","https://cdn.sanity.io/images/wensahkh/production/512f15205c06cf45e2fa612dbc637824fbab679f-200x79.png"
"Alpina","B6","200","150","0.03","critical","true","https://cdn.sanity.io/images/wensahkh/production/77d8507139578b1ec00d1bbaddca958097a5dcc9-200x150.png"
"Alpina","B6 S","200","150","0.03","critical","true","https://cdn.sanity.io/images/wensahkh/production/77d8507139578b1ec00d1bbaddca958097a5dcc9-200x150.png"
"Alpina","B7","200","79","0.016","critical","true","https://cdn.sanity.io/images/wensahkh/production/3a920a4b3c0d3d1371148a0b09c9bace676cd12b-200x79.png"
"Alpina","D3","200","79","0.016","critical","true","https://cdn.sanity.io/images/wensahkh/production/dc63b3d1b876c9d17982102340d59f26c147eced-200x79.png"
"Alpina","D4","200","79","0.016","critical","true","https://cdn.sanity.io/images/wensahkh/production/5197f3e2ae25e102a57008314d5ddd2f3e23914f-200x79.png"
"Alpina","D5","200","79","0.016","critical","true","https://cdn.sanity.io/images/wensahkh/production/a6953e6767cafbec622507cd01b2d2013bc23b83-200x79.png"
"Alpina","D5 S","200","75","0.015","critical","true","https://cdn.sanity.io/images/wensahkh/production/0662536359d44234abf42fbabc6fb56198471264-200x75.png"
"Alpina","XB7","200","75","0.015","critical","true","https://cdn.sanity.io/images/wensahkh/production/0662536359d44234abf42fbabc6fb56198471264-200x75.png"
"Alpina","XD3","200","79","0.016","critical","true","https://cdn.sanity.io/images/wensahkh/production/49f4701417b9b7181fda9af75ebb6369cb776b78-200x79.png"
"Alpina","XD4","200","75","0.015","critical","true","https://cdn.sanity.io/images/wensahkh/production/0662536359d44234abf42fbabc6fb56198471264-200x75.png"
"Alpine","A110","200","63","0.013","critical","true","https://cdn.sanity.io/images/wensahkh/production/038b5bfb43ff68e1c3e9597d1af6345dd9dd2417-200x63.png"
"Aston Martin","DB11","200","85","0.017","critical","true","https://cdn.sanity.io/images/wensahkh/production/581c94ce4d589febf319d58176fd03c560138d03-200x85.png"
"Aston Martin","DB12","200","75","0.015","critical","true","https://cdn.sanity.io/images/wensahkh/production/0662536359d44234abf42fbabc6fb56198471264-200x75.png"
"Aston Martin","DB9","200","75","0.015","critical","true","https://cdn.sanity.io/images/wensahkh/production/b94935f5a29b1ab9ddc10ffd3c7f272b00efc6f2-200x75.png"
"Aston Martin","DBS","200","75","0.015","critical","true","https://cdn.sanity.io/images/wensahkh/production/43693548bfedae29eec1f16f36f5dc44e4159922-200x75.png"
"Aston Martin","DBX","200","75","0.015","critical","true","https://cdn.sanity.io/images/wensahkh/production/0662536359d44234abf42fbabc6fb56198471264-200x75.png"
"Aston Martin","Rapide","200","75","0.015","critical","true","https://cdn.sanity.io/images/wensahkh/production/b19922b42f17c7284ae199487f2a745bc470abf2-200x75.png"
"Aston Martin","Valhalla","200","75","0.015","critical","true","https://cdn.sanity.io/images/wensahkh/production/0662536359d44234abf42fbabc6fb56198471264-200x75.png"
"Aston Martin","Valiant","200","75","0.015","critical","true","https://cdn.sanity.io/images/wensahkh/production/0662536359d44234abf42fbabc6fb56198471264-200x75.png"
"Aston Martin","Valkyrie","200","75","0.015","critical","true","https://cdn.sanity.io/images/wensahkh/production/0662536359d44234abf42fbabc6fb56198471264-200x75.png"
"Aston Martin","Valour","200","75","0.015","critical","true","https://cdn.sanity.io/images/wensahkh/production/0662536359d44234abf42fbabc6fb56198471264-200x75.png"
"Aston Martin","Vanquish","200","75","0.015","critical","true","https://cdn.sanity.io/images/wensahkh/production/0662536359d44234abf42fbabc6fb56198471264-200x75.png"
"Aston Martin","Vantage","200","75","0.015","critical","true","https://cdn.sanity.io/images/wensahkh/production/064ddba49d5ff65d016c0e7bd2eb7a319283faef-200x75.png"
"Aston Martin","Virage","200","75","0.015","critical","true","https://cdn.sanity.io/images/wensahkh/production/94b01126b87c29b1bb3c7695a5c703cd9dd6e37a-200x75.png"
"Audi","A1","200","86","0.017","critical","true","https://cdn.sanity.io/images/wensahkh/production/168f46e22b4316f8bc6a84ca566d7d40a19d430b-200x86.png"
"Audi","A2","200","113","0.023","critical","true","https://cdn.sanity.io/images/wensahkh/production/df6d874267cfbc786dc293b293c7fd792222fd2d-200x113.png"
"Audi","A3 / A3 Berline","200","86","0.017","critical","true","https://cdn.sanity.io/images/wensahkh/production/57ed7578e07a7d57cccabf35442bf31870524ca6-200x86.png"
"Audi","A4","200","86","0.017","critical","true","https://cdn.sanity.io/images/wensahkh/production/ee45fe8675a0cb65364f9d6c0720876fe8a7afec-200x86.png"
"Audi","A4 Cabrio","200","150","0.03","critical","true","https://cdn.sanity.io/images/wensahkh/production/acfcd3588013f2aa4348a63ae51a3dbf1c827893-200x150.png"
"Audi","A5","200","86","0.017","critical","true","https://cdn.sanity.io/images/wensahkh/production/02cb5ec5907d9d1a5fdd8fe2a9508e1e484c835a-200x86.png"
"Audi","A6","200","86","0.017","critical","true","https://cdn.sanity.io/images/wensahkh/production/2351a9db9c465ee38c150171542a88dc7cb7192b-200x86.png"
"Audi","A6 e-Tron","200","75","0.015","critical","true","https://cdn.sanity.io/images/wensahkh/production/0662536359d44234abf42fbabc6fb56198471264-200x75.png"
"Audi","A7","200","86","0.017","critical","true","https://cdn.sanity.io/images/wensahkh/production/1e80a68dcd6680359fe4ea1123f2dc239574e047-200x86.png"
"Audi","A8","200","86","0.017","critical","true","https://cdn.sanity.io/images/wensahkh/production/5fb3d51162921b75c637d883c5e8627294318cf5-200x86.png"
"Audi","e-Tron","200","75","0.015","critical","true","https://cdn.sanity.io/images/wensahkh/production/0662536359d44234abf42fbabc6fb56198471264-200x75.png"
"Audi","Q2","200","86","0.017","critical","true","https://cdn.sanity.io/images/wensahkh/production/4debbeb796ac4c1848894bb7f6de61f6791124bb-200x86.png"
"Audi","Q3","200","86","0.017","critical","true","https://cdn.sanity.io/images/wensahkh/production/d2761198125d63f2df2428d8275f57729b4591da-200x86.png"
"Audi","Q4","200","75","0.015","critical","true","https://cdn.sanity.io/images/wensahkh/production/0662536359d44234abf42fbabc6fb56198471264-200x75.png"
"Audi","Q5","200","86","0.017","critical","true","https://cdn.sanity.io/images/wensahkh/production/e62187e291c48f74d46cefa07292b8b61f20233e-200x86.png"
"Audi","Q6","200","75","0.015","critical","true","https://cdn.sanity.io/images/wensahkh/production/0662536359d44234abf42fbabc6fb56198471264-200x75.png"
"Audi","Q7","200","86","0.017","critical","true","https://cdn.sanity.io/images/wensahkh/production/1d875d4d7194f22dc528cde7d326de6f2813bd1c-200x86.png"
"Audi","Q8","200","86","0.017","critical","true","https://cdn.sanity.io/images/wensahkh/production/e3bc90e4034bf3390c0cc42cc8954b181990ade8-200x86.png"
"Audi","R8","200","86","0.017","critical","true","https://cdn.sanity.io/images/wensahkh/production/5bca03c42ed188da8ef5461382a8a796ff477d60-200x86.png"
"Audi","RS3","200","86","0.017","critical","true","https://cdn.sanity.io/images/wensahkh/production/02357be4ee61b6ae2b4f0cea03c4a43e3715a292-200x86.png"
"Audi","RS4","200","86","0.017","critical","true","https://cdn.sanity.io/images/wensahkh/production/ff6c0b25834e30445ad72d4987010d4e248da807-200x86.png"
"Audi","RS5","200","86","0.017","critical","true","https://cdn.sanity.io/images/wensahkh/production/1f79dee16983b851219bc6ee7772c684ee3063db-200x86.png"
"Audi","RS6","200","86","0.017","critical","true","https://cdn.sanity.io/images/wensahkh/production/21173e7be1dae761f288e94be2926150e7353e88-200x86.png"
"Audi","RS7","200","86","0.017","critical","true","https://cdn.sanity.io/images/wensahkh/production/7b42670462ff342e248a8bcf13615049b69d4b0b-200x86.png"
"Audi","RSQ3","200","86","0.017","critical","true","https://cdn.sanity.io/images/wensahkh/production/6f12efade8b2e2f8eb2eaa69149d2c37380dbd95-200x86.png"
"Audi","RSQ8","200","86","0.017","critical","true","https://cdn.sanity.io/images/wensahkh/production/7f81e26eb315c653899d0a828c8d6a269a264af0-200x86.png"
"Audi","S1","200","86","0.017","critical","true","https://cdn.sanity.io/images/wensahkh/production/25ac2c83466011ddb24e1e2c97d1424c5ff8efc6-200x86.png"
"Audi","S3","200","86","0.017","critical","true","https://cdn.sanity.io/images/wensahkh/production/3b0f2bffcc3e5922a0b372c05bee76e1f8841701-200x86.png"
"Audi","S4","200","86","0.017","critical","true","https://cdn.sanity.io/images/wensahkh/production/d64480b445dae0c3905697ebf59465093a8f17fa-200x86.png"
"Audi","S5","200","86","0.017","critical","true","https://cdn.sanity.io/images/wensahkh/production/7561f4a71563989911dc58f0e5ffc18b0a78d759-200x86.png"
"Audi","S6","200","86","0.017","critical","true","https://cdn.sanity.io/images/wensahkh/production/734f60857d659ff274516e1b5dd6c73325df82cf-200x86.png"
"Audi","S6 e-Tron","200","75","0.015","critical","true","https://cdn.sanity.io/images/wensahkh/production/0662536359d44234abf42fbabc6fb56198471264-200x75.png"
"Audi","S7","200","86","0.017","critical","true","https://cdn.sanity.io/images/wensahkh/production/502cb02cbf45cd2bfe8f46a7360450829c61184a-200x86.png"
"Audi","SQ2","200","86","0.017","critical","true","https://cdn.sanity.io/images/wensahkh/production/501732e76c23c1927625a5cc12b86c07b2898e7b-200x86.png"
"Audi","SQ5","200","86","0.017","critical","true","https://cdn.sanity.io/images/wensahkh/production/700e970788fd6685a0b88a4445adb76a6f2bbd0f-200x86.png"
"Audi","SQ7","200","86","0.017","critical","true","https://cdn.sanity.io/images/wensahkh/production/ebd7b6f6b459f8755f60fec10cd9160384e39590-200x86.png"
"Audi","SQ8","200","86","0.017","critical","true","https://cdn.sanity.io/images/wensahkh/production/4fcb02a14ecad7047c333d6aa5a255cb3e7a45d8-200x86.png"
"Audi","TT","200","86","0.017","critical","true","https://cdn.sanity.io/images/wensahkh/production/a861d523520c0da68224792e61674ec34a3cb027-200x86.png"
"Audi","TT RS","200","86","0.017","critical","true","https://cdn.sanity.io/images/wensahkh/production/786e15936a0be9a6cf415a167f3d9d8110f397c4-200x86.png"
"Audi","TT S","200","86","0.017","critical","true","https://cdn.sanity.io/images/wensahkh/production/498ce87e0b8a25d6e0d61c5944cf81518716933c-200x86.png"
"Bentley","Bacalar","200","75","0.015","critical","true","https://cdn.sanity.io/images/wensahkh/production/0662536359d44234abf42fbabc6fb56198471264-200x75.png"
"Bentley","Bentayga","200","100","0.02","critical","true","https://cdn.sanity.io/images/wensahkh/production/a7ba07294927bf20e5dd3f9434120fb2e7f5c06a-200x100.png"
"Bentley","Continental Flying Spur","200","100","0.02","critical","true","https://cdn.sanity.io/images/wensahkh/production/83b4d933d6949ece75536385bc730cac3bdf384b-200x100.png"
"Bentley","Continental GT / S","200","100","0.02","critical","true","https://cdn.sanity.io/images/wensahkh/production/c6d2dbdf37f34719746aa3dffa9bb3b6da9ab099-200x100.png"
"Bentley","Continental GT Speed","200","100","0.02","critical","true","https://cdn.sanity.io/images/wensahkh/production/2226ccd9c0cbc43a6ab1f68ae291279bdb15ff13-200x100.png"
"Bentley","Continental GT3-R","200","75","0.015","critical","true","https://cdn.sanity.io/images/wensahkh/production/0662536359d44234abf42fbabc6fb56198471264-200x75.png"
"Bentley","Continental GTC","200","100","0.02","critical","true","https://cdn.sanity.io/images/wensahkh/production/d4148d52db929fdab4d19a471aa911ae8ad20319-200x100.png"
"Bentley","Continental Supersports","200","100","0.02","critical","true","https://cdn.sanity.io/images/wensahkh/production/fe964ff4649b4e94e1fb9cd7cb61b1213688d713-200x100.png"
"Bentley","Flying Spur","200","75","0.015","critical","true","https://cdn.sanity.io/images/wensahkh/production/0662536359d44234abf42fbabc6fb56198471264-200x75.png"
"Bentley","Mulsanne","200","100","0.02","critical","true","https://cdn.sanity.io/images/wensahkh/production/37892d48ef33e24e41f79eb6bbb6fb690ad7fe71-200x100.png"
"BMW","1-Serien","200","113","0.023","critical","true","https://cdn.sanity.io/images/wensahkh/production/1c2f561353bed698ceeea7b0536847a4876c53c4-200x113.png"
"BMW","1M Coupé","200","107","0.021","critical","true","https://cdn.sanity.io/images/wensahkh/production/ce5284f99da733d8c36225129b9730bfde70208c-200x107.png"
"BMW","2-Serien","200","113","0.023","critical","true","https://cdn.sanity.io/images/wensahkh/production/26166fa199e5830582bbee516434535ed50a0927-200x113.png"
"BMW","2-Serien Grand/Active Tourer","200","113","0.023","critical","true","https://cdn.sanity.io/images/wensahkh/production/06f35b17224e3a2b4e56971e957943e5377adc16-200x113.png"
"BMW","3-Serien","200","111","0.022","critical","true","https://cdn.sanity.io/images/wensahkh/production/75b9a9fcd8f0df69a1d4b9a47425cd11466cbccc-200x111.png"
"BMW","3-Serien GT","200","111","0.022","critical","true","https://cdn.sanity.io/images/wensahkh/production/d574481f85a50e519f91c533cd270a79fb0bc7ee-200x111.png"
"BMW","4-Serien","200","111","0.022","critical","true","https://cdn.sanity.io/images/wensahkh/production/399e9800fe2fed59bee91a5439470e79d924db5b-200x111.png"
"BMW","4-Serien Gran Coupé","200","111","0.022","critical","true","https://cdn.sanity.io/images/wensahkh/production/399e9800fe2fed59bee91a5439470e79d924db5b-200x111.png"
"BMW","5-Serien","200","111","0.022","critical","true","https://cdn.sanity.io/images/wensahkh/production/cd6f5bdb9461d10235414ce007dc42b78646e1c0-200x111.png"
"BMW","5-Serien GT","200","111","0.022","critical","true","https://cdn.sanity.io/images/wensahkh/production/cd6f5bdb9461d10235414ce007dc42b78646e1c0-200x111.png"
"BMW","6-Serien","200","111","0.022","critical","true","https://cdn.sanity.io/images/wensahkh/production/d9b109349d5d2a023411198ee9edb955a7e8884a-200x111.png"
"BMW","6-Serien GC","200","111","0.022","critical","true","https://cdn.sanity.io/images/wensahkh/production/377f8a724555f2f30bb5af8f8d5dfbe4702d2a7f-200x111.png"
"BMW","6-Serien GT","200","111","0.022","critical","true","https://cdn.sanity.io/images/wensahkh/production/0e03641e8340738018ce8d9fca7d921900d44b67-200x111.png"
"BMW","7-Serien","200","111","0.022","critical","true","https://cdn.sanity.io/images/wensahkh/production/9b1cd804aabf75441ee492d11a1413e209d8f7a9-200x111.png"
"BMW","8-Serien","299","132","0.039","critical","true","https://cdn.sanity.io/images/wensahkh/production/94137b51af1d7dff8630a3055f1618c7f32f4a58-299x132.png"
"BMW","8-Serien GC","299","132","0.039","critical","true","https://cdn.sanity.io/images/wensahkh/production/94137b51af1d7dff8630a3055f1618c7f32f4a58-299x132.png"
"BMW","i3","200","75","0.015","critical","true","https://cdn.sanity.io/images/wensahkh/production/0662536359d44234abf42fbabc6fb56198471264-200x75.png"
"BMW","i4","200","75","0.015","critical","true","https://cdn.sanity.io/images/wensahkh/production/0662536359d44234abf42fbabc6fb56198471264-200x75.png"
"BMW","i7","200","75","0.015","critical","true","https://cdn.sanity.io/images/wensahkh/production/0662536359d44234abf42fbabc6fb56198471264-200x75.png"
"BMW","i8","200","111","0.022","critical","true","https://cdn.sanity.io/images/wensahkh/production/ef587659e207b7f1f1da5d1d2f972dc0ad9d0831-200x111.png"
"BMW","iX","200","75","0.015","critical","true","https://cdn.sanity.io/images/wensahkh/production/0662536359d44234abf42fbabc6fb56198471264-200x75.png"
"BMW","iX1","200","111","0.022","critical","true","https://cdn.sanity.io/images/wensahkh/production/e4dd965fef1c81d8aef5413959400ddcb4a8fdab-200x111.png"
"BMW","iX3","200","75","0.015","critical","true","https://cdn.sanity.io/images/wensahkh/production/0662536359d44234abf42fbabc6fb56198471264-200x75.png"
"BMW","M2","200","111","0.022","critical","true","https://cdn.sanity.io/images/wensahkh/production/1f37cc03397eba4b0fd0feac57f73f0065fd5b53-200x111.png"
"BMW","M3","200","111","0.022","critical","true","https://cdn.sanity.io/images/wensahkh/production/3a468650a1e99ac4985e0f8c55c5bac5a0951817-200x111.png"
"BMW","M4","200","111","0.022","critical","true","https://cdn.sanity.io/images/wensahkh/production/511340310394681326647d925adb33ffa6eb2ee9-200x111.png"
"BMW","M5","200","111","0.022","critical","true","https://cdn.sanity.io/images/wensahkh/production/b518b1145632f9640832c421a8b06d07f52b337c-200x111.png"
"BMW","M6","200","111","0.022","critical","true","https://cdn.sanity.io/images/wensahkh/production/bd0c44f2189c0edbb4e984628c539a1136ec648b-200x111.png"
"BMW","M8","299","132","0.039","critical","true","https://cdn.sanity.io/images/wensahkh/production/94137b51af1d7dff8630a3055f1618c7f32f4a58-299x132.png"
"BMW","Serie 2 GC","200","113","0.023","critical","true","https://cdn.sanity.io/images/wensahkh/production/59d5c25f5bcfcf5cb6bb979cb4626bdc486320bf-200x113.png"
"BMW","X1","200","111","0.022","critical","true","https://cdn.sanity.io/images/wensahkh/production/e4dd965fef1c81d8aef5413959400ddcb4a8fdab-200x111.png"
"BMW","X3","200","111","0.022","critical","true","https://cdn.sanity.io/images/wensahkh/production/bf95570d7c75abd84352d2892a175c9f94ce9ffe-200x111.png"
"BMW","X4","200","111","0.022","critical","true","https://cdn.sanity.io/images/wensahkh/production/d4149000903f2be07304f45bd24a41c8dbc56e49-200x111.png"
"BMW","X5","200","111","0.022","critical","true","https://cdn.sanity.io/images/wensahkh/production/c94d8f134db8c3d55127e5fb02a64821f3f90f56-200x111.png"
"BMW","X5 M","200","111","0.022","critical","true","https://cdn.sanity.io/images/wensahkh/production/2376b21857655eeb5659cc0d8c3068cbcc6dce78-200x111.png"
"BMW","X6","200","111","0.022","critical","true","https://cdn.sanity.io/images/wensahkh/production/6a34562836a26157c2ec6fa22d8ae46f1dc3c76b-200x111.png"
"BMW","X6 M","200","111","0.022","critical","true","https://cdn.sanity.io/images/wensahkh/production/30f0dc3153b8ebe5059c1322d92b47eb095f795f-200x111.png"
"BMW","Z8","200","75","0.015","critical","true","https://cdn.sanity.io/images/wensahkh/production/0662536359d44234abf42fbabc6fb56198471264-200x75.png"
"Bugatti","Tourbillon","200","75","0.015","critical","true","https://cdn.sanity.io/images/wensahkh/production/0662536359d44234abf42fbabc6fb56198471264-200x75.png"
"Bugatti","Veyron","299","108","0.032","critical","true","https://cdn.sanity.io/images/wensahkh/production/652bb0186feeeebe71de7a0b22991933d0528e9d-299x108.png"
"Cadillac","ATS","200","75","0.015","critical","true","https://cdn.sanity.io/images/wensahkh/production/0662536359d44234abf42fbabc6fb56198471264-200x75.png"
"Cadillac","BLS","200","75","0.015","critical","true","https://cdn.sanity.io/images/wensahkh/production/0662536359d44234abf42fbabc6fb56198471264-200x75.png"
"Cadillac","CTS","200","80","0.016","critical","true","https://cdn.sanity.io/images/wensahkh/production/e9ee5e701c9a6617aea8ff7f3234998896358168-200x80.png"
"Cadillac","Escalade","200","75","0.015","critical","true","https://cdn.sanity.io/images/wensahkh/production/0662536359d44234abf42fbabc6fb56198471264-200x75.png"
"Chrysler","300C","200","132","0.026","critical","true","https://cdn.sanity.io/images/wensahkh/production/0c62ca16877919c826e7b08048f28b271cc0a2e3-200x132.png"
"Chrysler","Crossfire","200","132","0.026","critical","true","https://cdn.sanity.io/images/wensahkh/production/438b2a0f3b886d783e4f8990f3044960cf8bb0cc-200x132.png"
"Chrysler","Grand voyager","200","118","0.024","critical","true","https://cdn.sanity.io/images/wensahkh/production/cc5b5fa2bf8a3f1743cb67f721af3d81cddc1ba6-200x118.png"
"Chrysler","PT Cruiser","200","132","0.026","critical","true","https://cdn.sanity.io/images/wensahkh/production/288e9e7ec4dd0f7d07cc329c0792a83c8219dec5-200x132.png"
"Chrysler","Sebring","200","132","0.026","critical","true","https://cdn.sanity.io/images/wensahkh/production/0e03aa0869a1069013d0a8ec0ddf35c983f47cb5-200x132.png"
"Chrysler","Voyager","200","132","0.026","critical","true","https://cdn.sanity.io/images/wensahkh/production/5e3f3b16aaa53ada3a3b8741b2e9ce41a952ddfb-200x132.png"
"Citroën","Ami","200","75","0.015","critical","true","https://cdn.sanity.io/images/wensahkh/production/0662536359d44234abf42fbabc6fb56198471264-200x75.png"
"Citroën","Berlingo","200","110","0.022","critical","true","https://cdn.sanity.io/images/wensahkh/production/03545b14e731ead7b25c59e528ac94c0ad9d193f-200x110.png"
"Citroën","C- Elysée","200","120","0.024","critical","true","https://cdn.sanity.io/images/wensahkh/production/9f73727baa019e4c9149707dd576ab38a70b43a2-200x120.png"
"Citroën","C-Crosser","200","133","0.027","critical","true","https://cdn.sanity.io/images/wensahkh/production/4efed6086769f1143a59676a0b64da9835979964-200x133.png"
"Citroën","C1","200","110","0.022","critical","true","https://cdn.sanity.io/images/wensahkh/production/5573015496995a866cc3cb69a91e28e642bbcb3f-200x110.png"
"Citroën","C2","200","200","0.04","critical","true","https://cdn.sanity.io/images/wensahkh/production/aa1152168d1bf99aa602aa6baff88415c10ffbf4-200x200.png"
"Citroën","C3 / C3 Picasso","200","112","0.022","critical","true","https://cdn.sanity.io/images/wensahkh/production/4d300a08d4addc8e5611e2e3b089c59c12e6a851-200x112.png"
"Citroën","C3 Aircross","200","110","0.022","critical","true","https://cdn.sanity.io/images/wensahkh/production/a596d0bbeb104dcb8745b37141888d64bf50058c-200x110.png"
"Citroën","C4","200","122","0.024","critical","true","https://cdn.sanity.io/images/wensahkh/production/b14883c5257bbc9db328b87c697feb58fe41bb3e-200x122.png"
"Citroën","C4 Aircross","200","115","0.023","critical","true","https://cdn.sanity.io/images/wensahkh/production/22061bd0fd7433e1999c80190ddc864253d365f8-200x115.png"
"Citroën","C4 Cactus","200","110","0.022","critical","true","https://cdn.sanity.io/images/wensahkh/production/1e97399c6964db5cfcf160b0fd19ef1e199d7714-200x110.png"
"Citroën","C4 Picasso / Picasso / C4 Space Tourer","200","81","0.016","critical","true","https://cdn.sanity.io/images/wensahkh/production/80a186175dead9d756bcc0515b246e2b67625753-200x81.png"
"Citroën","C4X","200","75","0.015","critical","true","https://cdn.sanity.io/images/wensahkh/production/0662536359d44234abf42fbabc6fb56198471264-200x75.png"
"Citroën","C5 / C5 Aircross","200","110","0.022","critical","true","https://cdn.sanity.io/images/wensahkh/production/7fd369f85942c58d2214631a5f4bddee03d0606d-200x110.png"
"Citroën","C5X","200","75","0.015","critical","true","https://cdn.sanity.io/images/wensahkh/production/0662536359d44234abf42fbabc6fb56198471264-200x75.png"
"Citroën","C6","200","93","0.019","critical","true","https://cdn.sanity.io/images/wensahkh/production/ec6accc2de5f9a3b69d4aa46a3b5fe7d18de28f8-200x93.png"
"Citroën","C8","200","200","0.04","critical","true","https://cdn.sanity.io/images/wensahkh/production/9be5ba764b0d3b005e6225ee08244ec425e9f25c-200x200.png"
"Citroën","Campers Holidays","200","75","0.015","critical","true","https://cdn.sanity.io/images/wensahkh/production/0662536359d44234abf42fbabc6fb56198471264-200x75.png"
"Citroën","DS3","200","133","0.027","critical","true","https://cdn.sanity.io/images/wensahkh/production/ade292f92fbb002c6769605f8b10eba3322c92e5-200x133.png"
"Citroën","DS4","200","122","0.024","critical","true","https://cdn.sanity.io/images/wensahkh/production/6bd5de638a452b2d655521029fa97377a4e37534-200x122.png"
"Citroën","DS5","200","110","0.022","critical","true","https://cdn.sanity.io/images/wensahkh/production/cf91ca7dd536cc2be948932511514cb3b03af750-200x110.png"
"Citroën","Jumper","200","110","0.022","critical","true","https://cdn.sanity.io/images/wensahkh/production/ddfceec3819b203e37fbd8f4ecdba3b0ef02cc4e-200x110.png"
"Citroën","Jumpy / SpaceTourer","200","110","0.022","critical","true","https://cdn.sanity.io/images/wensahkh/production/096b4eaa86bad1849243315e032e90485f141ae4-200x110.png"
"Citroën","Nemo","200","122","0.024","critical","true","https://cdn.sanity.io/images/wensahkh/production/b790603d199f6eb4dc78e16e59c389936edee7d1-200x122.png"
"Cupra","Born","200","75","0.015","critical","true","https://cdn.sanity.io/images/wensahkh/production/0662536359d44234abf42fbabc6fb56198471264-200x75.png"
"Cupra","Ibiza","200","75","0.015","critical","true","https://cdn.sanity.io/images/wensahkh/production/0662536359d44234abf42fbabc6fb56198471264-200x75.png"
"Cupra","Tavascan","200","75","0.015","critical","true","https://cdn.sanity.io/images/wensahkh/production/0662536359d44234abf42fbabc6fb56198471264-200x75.png"
"Cupra","Terramar","200","75","0.015","critical","true","https://cdn.sanity.io/images/wensahkh/production/0662536359d44234abf42fbabc6fb56198471264-200x75.png"
"Dacia","Dokker","200","133","0.027","critical","true","https://cdn.sanity.io/images/wensahkh/production/9744e010fb6f5b5a63c524959c465b9fe48dd9ca-200x133.png"
"Dacia","Duster","200","133","0.027","critical","true","https://cdn.sanity.io/images/wensahkh/production/deb56a3e69379a4a3fd3a544ae11c1a3add57a03-200x133.png"
"Dacia","Jogger","200","75","0.015","critical","true","https://cdn.sanity.io/images/wensahkh/production/0662536359d44234abf42fbabc6fb56198471264-200x75.png"
"Dacia","Lodgy","200","133","0.027","critical","true","https://cdn.sanity.io/images/wensahkh/production/aacf5efa8794784c1e93800b71f02ca5cadbab82-200x133.png"
"Dacia","Logan","200","133","0.027","critical","true","https://cdn.sanity.io/images/wensahkh/production/7ef5c9b5059c7a90f2ee8a7bceba3b8fed8ec6b4-200x133.png"
"Dacia","Sandero","200","133","0.027","critical","true","https://cdn.sanity.io/images/wensahkh/production/b38046d2078e802e199ff1f2952b3653419fff32-200x133.png"
"Dacia","Spring","200","75","0.015","critical","true","https://cdn.sanity.io/images/wensahkh/production/0662536359d44234abf42fbabc6fb56198471264-200x75.png"
"Dodge","Avenger","200","132","0.026","critical","true","https://cdn.sanity.io/images/wensahkh/production/bb3fcebf38093831c9af414d3acf71521db18558-200x132.png"
"Dodge","Caliber","200","133","0.027","critical","true","https://cdn.sanity.io/images/wensahkh/production/96dd3eba552204b23fddcecd5cb058f751ceee98-200x133.png"
"Dodge","Challenger","200","75","0.015","critical","true","https://cdn.sanity.io/images/wensahkh/production/0662536359d44234abf42fbabc6fb56198471264-200x75.png"
"Dodge","Charger","200","132","0.026","critical","true","https://cdn.sanity.io/images/wensahkh/production/4c3f3595b14554ef7c21c0d27b25441ce96ba588-200x132.png"
"Dodge","Journey","200","150","0.03","critical","true","https://cdn.sanity.io/images/wensahkh/production/3920ae519fb8f5e9b82ef2f7902f3ff34a9f8ebb-200x150.png"
"Dodge","Nitro","200","150","0.03","critical","true","https://cdn.sanity.io/images/wensahkh/production/047bfa99296ad66a8b4c9206c54f63efc3bbaab6-200x150.png"
"Dodge","Ram","200","113","0.023","critical","true","https://cdn.sanity.io/images/wensahkh/production/d8978ef0d2245075ee9bebb8a05755d89efb9b99-200x113.png"
"Dodge","Rampage","200","75","0.015","critical","true","https://cdn.sanity.io/images/wensahkh/production/0662536359d44234abf42fbabc6fb56198471264-200x75.png"
"Dodge","Viper","200","150","0.03","critical","true","https://cdn.sanity.io/images/wensahkh/production/241b33c0ee9c9d9dd63d9097a5b2a4b88cc70dba-200x150.png"
"Ferrari","12 Cilindri","200","75","0.015","critical","true","https://cdn.sanity.io/images/wensahkh/production/0662536359d44234abf42fbabc6fb56198471264-200x75.png"
"Ferrari","296 GTB","200","75","0.015","critical","true","https://cdn.sanity.io/images/wensahkh/production/0662536359d44234abf42fbabc6fb56198471264-200x75.png"
"Ferrari","348 GTS/GTB/Spider","200","82","0.016","critical","true","https://cdn.sanity.io/images/wensahkh/production/4bd52aba9a3a51fdda4bf492aca2a13299b21349-200x82.png"
"Ferrari","355 GTS/GTB/Spider","200","75","0.015","critical","true","https://cdn.sanity.io/images/wensahkh/production/0662536359d44234abf42fbabc6fb56198471264-200x75.png"
"Ferrari","360 Modena/Spider","200","75","0.015","critical","true","https://cdn.sanity.io/images/wensahkh/production/690bc4f1a6a2ebceefb8573be7a75679763a42fb-200x75.png"
"Ferrari","456","200","82","0.016","critical","true","https://cdn.sanity.io/images/wensahkh/production/5a94a8dfde45400aed3be3dca16213a3267431a1-200x82.png"
"Ferrari","458 Italia","200","67","0.013","critical","true","https://cdn.sanity.io/images/wensahkh/production/69247a2bf91f42fd8460302deb62db5fc58a4018-200x67.png"
"Ferrari","488 GTB/Spider","200","100","0.02","critical","true","https://cdn.sanity.io/images/wensahkh/production/f9b36d0d33d166fe8af19e68bf0e11ec130d4f57-200x100.png"
"Ferrari","599 GTB","200","75","0.015","critical","true","https://cdn.sanity.io/images/wensahkh/production/0662536359d44234abf42fbabc6fb56198471264-200x75.png"
"Ferrari","599 GTO","200","75","0.015","critical","true","https://cdn.sanity.io/images/wensahkh/production/0662536359d44234abf42fbabc6fb56198471264-200x75.png"
"Ferrari","612 Scaglietti","200","75","0.015","critical","true","https://cdn.sanity.io/images/wensahkh/production/0662536359d44234abf42fbabc6fb56198471264-200x75.png"
"Ferrari","812 Superfast","200","125","0.025","critical","true","https://cdn.sanity.io/images/wensahkh/production/a8d3b83b7b2aacf3ab4b37f98aa7a00350db668f-200x125.png"
"Ferrari","BR20","200","75","0.015","critical","true","https://cdn.sanity.io/images/wensahkh/production/0662536359d44234abf42fbabc6fb56198471264-200x75.png"
"Ferrari","California","200","85","0.017","critical","true","https://cdn.sanity.io/images/wensahkh/production/3bdf0a796b18a37bd0ede7fc369574beebdd31ac-200x85.png"
"Ferrari","Enzo","200","75","0.015","critical","true","https://cdn.sanity.io/images/wensahkh/production/0662536359d44234abf42fbabc6fb56198471264-200x75.png"
"Ferrari","F12","200","83","0.017","critical","true","https://cdn.sanity.io/images/wensahkh/production/104a27a88f79482448c3c318ace6e4f6bdb0a7ce-200x83.png"
"Ferrari","F150 / La Ferrari","200","75","0.015","critical","true","https://cdn.sanity.io/images/wensahkh/production/0662536359d44234abf42fbabc6fb56198471264-200x75.png"
"Ferrari","F430","200","75","0.015","critical","true","https://cdn.sanity.io/images/wensahkh/production/0662536359d44234abf42fbabc6fb56198471264-200x75.png"
"Ferrari","F8 Tributo / Spider","200","125","0.025","critical","true","https://cdn.sanity.io/images/wensahkh/production/44d2ba5579f3b891bc75283313e061c21e0b1d39-200x125.png"
"Ferrari","GTC 4 Lusso","200","75","0.015","critical","true","https://cdn.sanity.io/images/wensahkh/production/0662536359d44234abf42fbabc6fb56198471264-200x75.png"
"Ferrari","M575","200","75","0.015","critical","true","https://cdn.sanity.io/images/wensahkh/production/0662536359d44234abf42fbabc6fb56198471264-200x75.png"
"Ferrari","Portofino","200","87","0.017","critical","true","https://cdn.sanity.io/images/wensahkh/production/b5abb389c8c6c381f8b7cd6266a5ac8d2c695f75-200x87.png"
"Ferrari","Purosangue","200","75","0.015","critical","true","https://cdn.sanity.io/images/wensahkh/production/0662536359d44234abf42fbabc6fb56198471264-200x75.png"
"Ferrari","Roma","200","75","0.015","critical","true","https://cdn.sanity.io/images/wensahkh/production/0662536359d44234abf42fbabc6fb56198471264-200x75.png"
"Ferrari","SF90 Stradale/Spider","200","75","0.015","critical","true","https://cdn.sanity.io/images/wensahkh/production/0662536359d44234abf42fbabc6fb56198471264-200x75.png"
"Fiat","124 Spider","200","94","0.019","critical","true","https://cdn.sanity.io/images/wensahkh/production/8cf74fecfe564e6501794fd748379f43c4965c14-200x94.png"
"Fiat","500 / 595 / 695","200","94","0.019","critical","true","https://cdn.sanity.io/images/wensahkh/production/bfffeae56e9770f2b245b6c533d7fec4835557d7-200x94.png"
"Fiat","500L","200","94","0.019","critical","true","https://cdn.sanity.io/images/wensahkh/production/b4288dee21926e68df3c27172dd24d33296e2ecb-200x94.png"
"Fiat","500X","200","94","0.019","critical","true","https://cdn.sanity.io/images/wensahkh/production/877a207716d796a22bfd0214e0be27d3fcaa4ac0-200x94.png"
"Fiat","600","200","75","0.015","critical","true","https://cdn.sanity.io/images/wensahkh/production/0662536359d44234abf42fbabc6fb56198471264-200x75.png"
"Fiat","Brava","200","75","0.015","critical","true","https://cdn.sanity.io/images/wensahkh/production/0662536359d44234abf42fbabc6fb56198471264-200x75.png"
"Fiat","Bravo","200","75","0.015","critical","true","https://cdn.sanity.io/images/wensahkh/production/0662536359d44234abf42fbabc6fb56198471264-200x75.png"
"Fiat","Croma","200","75","0.015","critical","true","https://cdn.sanity.io/images/wensahkh/production/0662536359d44234abf42fbabc6fb56198471264-200x75.png"
"Fiat","Doblo","200","94","0.019","critical","true","https://cdn.sanity.io/images/wensahkh/production/6b9304fa9ce5e1f0c61e77fc65c5c94575419f00-200x94.png"
"Fiat","Ducato","200","75","0.015","critical","true","https://cdn.sanity.io/images/wensahkh/production/0662536359d44234abf42fbabc6fb56198471264-200x75.png"
"Fiat","Fiorino","200","75","0.015","critical","true","https://cdn.sanity.io/images/wensahkh/production/0662536359d44234abf42fbabc6fb56198471264-200x75.png"
"Fiat","Freemont","200","75","0.015","critical","true","https://cdn.sanity.io/images/wensahkh/production/0662536359d44234abf42fbabc6fb56198471264-200x75.png"
"Fiat","Fullback","200","94","0.019","critical","true","https://cdn.sanity.io/images/wensahkh/production/20141f191171de0d44d14073b3f3510995fede1e-200x94.png"
"Fiat","Grande Punto","200","75","0.015","critical","true","https://cdn.sanity.io/images/wensahkh/production/0662536359d44234abf42fbabc6fb56198471264-200x75.png"
"Fiat","Idea","200","75","0.015","critical","true","https://cdn.sanity.io/images/wensahkh/production/0662536359d44234abf42fbabc6fb56198471264-200x75.png"
"Fiat","Linea","200","75","0.015","critical","true","https://cdn.sanity.io/images/wensahkh/production/0662536359d44234abf42fbabc6fb56198471264-200x75.png"
"Fiat","Marea","200","75","0.015","critical","true","https://cdn.sanity.io/images/wensahkh/production/0662536359d44234abf42fbabc6fb56198471264-200x75.png"
"Fiat","Multipla","200","75","0.015","critical","true","https://cdn.sanity.io/images/wensahkh/production/0662536359d44234abf42fbabc6fb56198471264-200x75.png"
"Fiat","Ottimo","200","75","0.015","critical","true","https://cdn.sanity.io/images/wensahkh/production/0662536359d44234abf42fbabc6fb56198471264-200x75.png"
"Fiat","Panda","200","94","0.019","critical","true","https://cdn.sanity.io/images/wensahkh/production/1c8050da56a8b709d10fee2a7736b09a9685a81d-200x94.png"
"Fiat","Punto","200","94","0.019","critical","true","https://cdn.sanity.io/images/wensahkh/production/7dc25334ce137f7c8b4b55920f574a1a4c71e987-200x94.png"
"Fiat","Punto EVO","200","75","0.015","critical","true","https://cdn.sanity.io/images/wensahkh/production/0662536359d44234abf42fbabc6fb56198471264-200x75.png"
"Fiat","Qubo","200","94","0.019","critical","true","https://cdn.sanity.io/images/wensahkh/production/d78431a330e8004a4926fff27819376dfcc6fc7a-200x94.png"
"Fiat","Scudo","200","75","0.015","critical","true","https://cdn.sanity.io/images/wensahkh/production/0662536359d44234abf42fbabc6fb56198471264-200x75.png"
"Fiat","Sedici","200","75","0.015","critical","true","https://cdn.sanity.io/images/wensahkh/production/0662536359d44234abf42fbabc6fb56198471264-200x75.png"
"Fiat","Stilo","200","75","0.015","critical","true","https://cdn.sanity.io/images/wensahkh/production/0662536359d44234abf42fbabc6fb56198471264-200x75.png"
"Fiat","Strada","200","75","0.015","critical","true","https://cdn.sanity.io/images/wensahkh/production/0662536359d44234abf42fbabc6fb56198471264-200x75.png"
"Fiat","Talento","200","75","0.015","critical","true","https://cdn.sanity.io/images/wensahkh/production/0662536359d44234abf42fbabc6fb56198471264-200x75.png"
"Fiat","Tipo / Tipo Cross","200","94","0.019","critical","true","https://cdn.sanity.io/images/wensahkh/production/f8e03f9a3cbb13f355eb14ebdaa45e42ed468c41-200x94.png"
"Fiat","Topolino","200","75","0.015","critical","true","https://cdn.sanity.io/images/wensahkh/production/0662536359d44234abf42fbabc6fb56198471264-200x75.png"
"Fiat","Toro","200","75","0.015","critical","true","https://cdn.sanity.io/images/wensahkh/production/0662536359d44234abf42fbabc6fb56198471264-200x75.png"
"Fiat","Ulysse","200","75","0.015","critical","true","https://cdn.sanity.io/images/wensahkh/production/0662536359d44234abf42fbabc6fb56198471264-200x75.png"
"Fiat","Viaggio","200","75","0.015","critical","true","https://cdn.sanity.io/images/wensahkh/production/0662536359d44234abf42fbabc6fb56198471264-200x75.png"
"Ford","B-Max","200","113","0.023","critical","true","https://cdn.sanity.io/images/wensahkh/production/9b84fa50659f3536c159c05b20f339de449af888-200x113.png"
"Ford","Bronco","200","75","0.015","critical","true","https://cdn.sanity.io/images/wensahkh/production/0662536359d44234abf42fbabc6fb56198471264-200x75.png"
"Ford","C-Max","200","113","0.023","critical","true","https://cdn.sanity.io/images/wensahkh/production/760d2e2fdd239eea8f6a48e80b44eeb967e693a9-200x113.png"
"Ford","Capri","200","75","0.015","critical","true","https://cdn.sanity.io/images/wensahkh/production/0662536359d44234abf42fbabc6fb56198471264-200x75.png"
"Ford","EcoSport","200","113","0.023","critical","true","https://cdn.sanity.io/images/wensahkh/production/e8903c6f06a8ca92dceb8172749044b82626fb6e-200x113.png"
"Ford","Edge","200","113","0.023","critical","true","https://cdn.sanity.io/images/wensahkh/production/7404a1cc51edc8b347b9b8d10dbcdfb37ee15e21-200x113.png"
"Ford","F150","200","75","0.015","critical","true","https://cdn.sanity.io/images/wensahkh/production/0662536359d44234abf42fbabc6fb56198471264-200x75.png"
"Ford","F250","200","75","0.015","critical","true","https://cdn.sanity.io/images/wensahkh/production/0662536359d44234abf42fbabc6fb56198471264-200x75.png"
"Ford","F350","200","75","0.015","critical","true","https://cdn.sanity.io/images/wensahkh/production/0662536359d44234abf42fbabc6fb56198471264-200x75.png"
"Ford","F4000","200","75","0.015","critical","true","https://cdn.sanity.io/images/wensahkh/production/0662536359d44234abf42fbabc6fb56198471264-200x75.png"
"Ford","F450","200","75","0.015","critical","true","https://cdn.sanity.io/images/wensahkh/production/0662536359d44234abf42fbabc6fb56198471264-200x75.png"
"Ford","F550","200","75","0.015","critical","true","https://cdn.sanity.io/images/wensahkh/production/0662536359d44234abf42fbabc6fb56198471264-200x75.png"
"Ford","Fiesta","200","113","0.023","critical","true","https://cdn.sanity.io/images/wensahkh/production/1817f32cb47b73c6420edd42c55ab29f3cc5eb09-200x113.png"
"Ford","Focus","200","113","0.023","critical","true","https://cdn.sanity.io/images/wensahkh/production/b4a869729cfefdad31bfb091b5c8c7350e16feab-200x113.png"
"Ford","Fusion","200","75","0.015","critical","true","https://cdn.sanity.io/images/wensahkh/production/0662536359d44234abf42fbabc6fb56198471264-200x75.png"
"Ford","Galaxy","200","113","0.023","critical","true","https://cdn.sanity.io/images/wensahkh/production/3a04a5035157ba82158bb0b1c80ba1970b810ad8-200x113.png"
"Ford","GT","200","75","0.015","critical","true","https://cdn.sanity.io/images/wensahkh/production/0662536359d44234abf42fbabc6fb56198471264-200x75.png"
"Ford","Ka / Ka+","200","113","0.023","critical","true","https://cdn.sanity.io/images/wensahkh/production/0f6f5f9a1611bce14e7ceb08d056bf9f4c479c8d-200x113.png"
"Ford","Kuga/Escape","200","113","0.023","critical","true","https://cdn.sanity.io/images/wensahkh/production/e54909724fc5d937eeaf38dc1969a5a307958f9e-200x113.png"
"Ford","Mondeo","200","113","0.023","critical","true","https://cdn.sanity.io/images/wensahkh/production/f7e2328b9ade52c1dbd0e7d3cd3e7aa2c8fa0923-200x113.png"
"Ford","Mustang","200","113","0.023","critical","true","https://cdn.sanity.io/images/wensahkh/production/4a6a05ad8416dde30daa94d2c298abd02f7d2e53-200x113.png"
"Ford","Puma","200","75","0.015","critical","true","https://cdn.sanity.io/images/wensahkh/production/0662536359d44234abf42fbabc6fb56198471264-200x75.png"
"Ford","Ranger","200","113","0.023","critical","true","https://cdn.sanity.io/images/wensahkh/production/4f9710d776ef9a4c361d845707e7ebb5c27a1c05-200x113.png"
"Ford","Ranger Raptor","200","75","0.015","critical","true","https://cdn.sanity.io/images/wensahkh/production/0662536359d44234abf42fbabc6fb56198471264-200x75.png"
"Ford","S-Max","200","113","0.023","critical","true","https://cdn.sanity.io/images/wensahkh/production/1bd2a5cd14796a59520e36d46c6cf8e6cf9c9b25-200x113.png"
"Ford","Tourneo","200","113","0.023","critical","true","https://cdn.sanity.io/images/wensahkh/production/9ed48f3bac7a7ca33136985a1e2709f5d5f4ded5-200x113.png"
"Ford","Tourneo Custom / Connect","200","112","0.022","critical","true","https://cdn.sanity.io/images/wensahkh/production/9cab3b25bb28e4e3692f3351672b6ab97fbb4685-200x112.png"
"Ford","Transit / Transit Custom","200","113","0.023","critical","true","https://cdn.sanity.io/images/wensahkh/production/e455b6dd98ca25d41dcd164cd9312f78c137cd8b-200x113.png"
"Ford","Transit Connect","200","113","0.023","critical","true","https://cdn.sanity.io/images/wensahkh/production/9ccebd827f367b998e63198bd69670045e43a5c9-200x113.png"
"Honda","Civic","197","110","0.022","critical","true","https://cdn.sanity.io/images/wensahkh/production/23b09eba092827537fa4c581a7a498a3f02b8296-197x110.png"
"Honda","CR-V","197","110","0.022","critical","true","https://cdn.sanity.io/images/wensahkh/production/3b7dcdc27c98bbb54130d174b113ec3207606a8d-197x110.png"
"Honda","CR-Z","200","75","0.015","critical","true","https://cdn.sanity.io/images/wensahkh/production/0662536359d44234abf42fbabc6fb56198471264-200x75.png"
"Honda","E","200","75","0.015","critical","true","https://cdn.sanity.io/images/wensahkh/production/0662536359d44234abf42fbabc6fb56198471264-200x75.png"
"Honda","E:NY1","200","75","0.015","critical","true","https://cdn.sanity.io/images/wensahkh/production/0662536359d44234abf42fbabc6fb56198471264-200x75.png"
"Honda","FR-V","200","75","0.015","critical","true","https://cdn.sanity.io/images/wensahkh/production/0662536359d44234abf42fbabc6fb56198471264-200x75.png"
"Honda","HR-V","197","110","0.022","critical","true","https://cdn.sanity.io/images/wensahkh/production/0a042cecd2725d638c5c5d95e6c20098616c9e40-197x110.png"
"Honda","Jazz","200","75","0.015","critical","true","https://cdn.sanity.io/images/wensahkh/production/0662536359d44234abf42fbabc6fb56198471264-200x75.png"
"Honda","NSX","197","110","0.022","critical","true","https://cdn.sanity.io/images/wensahkh/production/b9dd9b30c45c4d7f22249ac6789506224809c646-197x110.png"
"Honda","Stepwgn","200","75","0.015","critical","true","https://cdn.sanity.io/images/wensahkh/production/0662536359d44234abf42fbabc6fb56198471264-200x75.png"
"Honda","UR-V","200","75","0.015","critical","true","https://cdn.sanity.io/images/wensahkh/production/0662536359d44234abf42fbabc6fb56198471264-200x75.png"
"Honda","Z-RV","200","75","0.015","critical","true","https://cdn.sanity.io/images/wensahkh/production/0662536359d44234abf42fbabc6fb56198471264-200x75.png"
"Hyundai","Accent","200","75","0.015","critical","true","https://cdn.sanity.io/images/wensahkh/production/0662536359d44234abf42fbabc6fb56198471264-200x75.png"
"Hyundai","Avante Sport","200","75","0.015","critical","true","https://cdn.sanity.io/images/wensahkh/production/0662536359d44234abf42fbabc6fb56198471264-200x75.png"
"Hyundai","Bayon","200","75","0.015","critical","true","https://cdn.sanity.io/images/wensahkh/production/0662536359d44234abf42fbabc6fb56198471264-200x75.png"
"Hyundai","H serie","200","83","0.017","critical","true","https://cdn.sanity.io/images/wensahkh/production/3f8ddd071fc576cc8385b8400590fe237546eec5-200x83.png"
"Hyundai","i 10","200","90","0.018","critical","true","https://cdn.sanity.io/images/wensahkh/production/78e0449a77e7824d217149149426ae91f25f8c72-200x90.png"
"Hyundai","i 20","200","83","0.017","critical","true","https://cdn.sanity.io/images/wensahkh/production/cf855b31854aad41558e5862a261c0bfaa6aa5d7-200x83.png"
"Hyundai","i 30","200","83","0.017","critical","true","https://cdn.sanity.io/images/wensahkh/production/d87585e6c1ad37597348a7a82f04fc4c2ea22e9e-200x83.png"
"Hyundai","i 40","200","83","0.017","critical","true","https://cdn.sanity.io/images/wensahkh/production/b7177ddaf5583256154d82ad29c125cbb1f9d1da-200x83.png"
"Hyundai","Inster","200","75","0.015","critical","true","https://cdn.sanity.io/images/wensahkh/production/0662536359d44234abf42fbabc6fb56198471264-200x75.png"
"Hyundai","Ioniq","200","75","0.015","critical","true","https://cdn.sanity.io/images/wensahkh/production/0662536359d44234abf42fbabc6fb56198471264-200x75.png"
"Hyundai","ix 20","200","83","0.017","critical","true","https://cdn.sanity.io/images/wensahkh/production/3a2e7b123e46ff0a6964674c35ad482fbeb41889-200x83.png"
"Hyundai","ix 45","200","75","0.015","critical","true","https://cdn.sanity.io/images/wensahkh/production/0662536359d44234abf42fbabc6fb56198471264-200x75.png"
"Hyundai","ix 55","200","75","0.015","critical","true","https://cdn.sanity.io/images/wensahkh/production/0662536359d44234abf42fbabc6fb56198471264-200x75.png"
"Hyundai","Kona","200","83","0.017","critical","true","https://cdn.sanity.io/images/wensahkh/production/ec40d33845515aaae8c129baf47708149a6f1511-200x83.png"
"Hyundai","Matrix","200","75","0.015","critical","true","https://cdn.sanity.io/images/wensahkh/production/0662536359d44234abf42fbabc6fb56198471264-200x75.png"
"Hyundai","Nexo","200","75","0.015","critical","true","https://cdn.sanity.io/images/wensahkh/production/0662536359d44234abf42fbabc6fb56198471264-200x75.png"
"Hyundai","Porter","200","75","0.015","critical","true","https://cdn.sanity.io/images/wensahkh/production/0662536359d44234abf42fbabc6fb56198471264-200x75.png"
"Hyundai","Santa Fe","200","83","0.017","critical","true","https://cdn.sanity.io/images/wensahkh/production/a2736ea41f4853f334659462187bd9dd90ea9890-200x83.png"
"Hyundai","Starex","200","75","0.015","critical","true","https://cdn.sanity.io/images/wensahkh/production/0662536359d44234abf42fbabc6fb56198471264-200x75.png"
"Hyundai","Staria","200","75","0.015","critical","true","https://cdn.sanity.io/images/wensahkh/production/0662536359d44234abf42fbabc6fb56198471264-200x75.png"
"Hyundai","Terracan","200","75","0.015","critical","true","https://cdn.sanity.io/images/wensahkh/production/0662536359d44234abf42fbabc6fb56198471264-200x75.png"
"Hyundai","Trajet","200","75","0.015","critical","true","https://cdn.sanity.io/images/wensahkh/production/0662536359d44234abf42fbabc6fb56198471264-200x75.png"
"Hyundai","Tucson","200","83","0.017","critical","true","https://cdn.sanity.io/images/wensahkh/production/e8cc92bd3d9010aefaa53654a8f000b022d69d10-200x83.png"
"Hyundai","Veloster","200","75","0.015","critical","true","https://cdn.sanity.io/images/wensahkh/production/0662536359d44234abf42fbabc6fb56198471264-200x75.png"
"Hyundai","Verna","200","75","0.015","critical","true","https://cdn.sanity.io/images/wensahkh/production/0662536359d44234abf42fbabc6fb56198471264-200x75.png"
"Infiniti","EX","200","75","0.015","critical","true","https://cdn.sanity.io/images/wensahkh/production/0662536359d44234abf42fbabc6fb56198471264-200x75.png"
"Infiniti","FX","200","75","0.015","critical","true","https://cdn.sanity.io/images/wensahkh/production/0662536359d44234abf42fbabc6fb56198471264-200x75.png"
"Infiniti","G37/M37","200","75","0.015","critical","true","https://cdn.sanity.io/images/wensahkh/production/0662536359d44234abf42fbabc6fb56198471264-200x75.png"
"Infiniti","M","200","75","0.015","critical","true","https://cdn.sanity.io/images/wensahkh/production/0662536359d44234abf42fbabc6fb56198471264-200x75.png"
"Infiniti","Q30","200","112","0.022","critical","true","https://cdn.sanity.io/images/wensahkh/production/92d3f9fd97f64c309fc50db5c22ff1c028cc2da5-200x112.png"
"Infiniti","Q50","200","113","0.023","critical","true","https://cdn.sanity.io/images/wensahkh/production/bd1101b90008a0846fb1984762c8d459510fa4bd-200x113.png"
"Infiniti","Q60","200","113","0.023","critical","true","https://cdn.sanity.io/images/wensahkh/production/33bd2c2730172d486f48e21e85757c3f5ae17bed-200x113.png"
"Infiniti","Q70","200","112","0.022","critical","true","https://cdn.sanity.io/images/wensahkh/production/e4c02daf61bd44d58323596bcf3d989db0c718b2-200x112.png"
"Infiniti","QX30","200","113","0.023","critical","true","https://cdn.sanity.io/images/wensahkh/production/779dfa06ff7d926073741ef551bbd1a443becd89-200x113.png"
"Infiniti","QX60","200","75","0.015","critical","true","https://cdn.sanity.io/images/wensahkh/production/0662536359d44234abf42fbabc6fb56198471264-200x75.png"
"Infiniti","QX70","200","150","0.03","critical","true","https://cdn.sanity.io/images/wensahkh/production/3d4a60284385e825eec833b2eeba3659adbe8819-200x150.jpg"
"Isuzu","D-max / Rodeo","200","75","0.015","critical","true","https://cdn.sanity.io/images/wensahkh/production/0662536359d44234abf42fbabc6fb56198471264-200x75.png"
"Isuzu","M21","200","75","0.015","critical","true","https://cdn.sanity.io/images/wensahkh/production/0662536359d44234abf42fbabc6fb56198471264-200x75.png"
"Isuzu","MU-X","200","75","0.015","critical","true","https://cdn.sanity.io/images/wensahkh/production/0662536359d44234abf42fbabc6fb56198471264-200x75.png"
"Isuzu","N-series","200","75","0.015","critical","true","https://cdn.sanity.io/images/wensahkh/production/0662536359d44234abf42fbabc6fb56198471264-200x75.png"
"Iveco","Daily","200","75","0.015","critical","true","https://cdn.sanity.io/images/wensahkh/production/0662536359d44234abf42fbabc6fb56198471264-200x75.png"
"Iveco","Massif","200","75","0.015","critical","true","https://cdn.sanity.io/images/wensahkh/production/0662536359d44234abf42fbabc6fb56198471264-200x75.png"
"Jaguar","F-Pace","200","109","0.022","critical","true","https://cdn.sanity.io/images/wensahkh/production/3c90478c6dd3807bab08d5fc63c323741c4854c0-200x109.png"
"Jaguar","F-Type / S / Project 7","200","109","0.022","critical","true","https://cdn.sanity.io/images/wensahkh/production/816b281e0966b0e5bb676144bb263c204fa8547f-200x109.png"
"Jaguar","I-Pace","200","75","0.015","critical","true","https://cdn.sanity.io/images/wensahkh/production/0662536359d44234abf42fbabc6fb56198471264-200x75.png"
"Jaguar","S-Type","200","75","0.015","critical","true","https://cdn.sanity.io/images/wensahkh/production/0662536359d44234abf42fbabc6fb56198471264-200x75.png"
"Jaguar","XE","200","109","0.022","critical","true","https://cdn.sanity.io/images/wensahkh/production/5b95ae8a2157233531a41b6a643dcf7a9e6e4b81-200x109.png"
"Jaguar","XF","200","109","0.022","critical","true","https://cdn.sanity.io/images/wensahkh/production/999d09b031061ca77207cd6fe4f691aca035d38c-200x109.png"
"Jaguar","XFR-S","200","75","0.015","critical","true","https://cdn.sanity.io/images/wensahkh/production/0662536359d44234abf42fbabc6fb56198471264-200x75.png"
"Jaguar","XJ","200","109","0.022","critical","true","https://cdn.sanity.io/images/wensahkh/production/93581a99a3a1c67429b1281f70e77b8863ed1a32-200x109.png"
"Jaguar","XK coupé","200","75","0.015","critical","true","https://cdn.sanity.io/images/wensahkh/production/0662536359d44234abf42fbabc6fb56198471264-200x75.png"
"Jaguar","XKR","200","75","0.015","critical","true","https://cdn.sanity.io/images/wensahkh/production/0662536359d44234abf42fbabc6fb56198471264-200x75.png"
"Jaguar","XKR-S","200","75","0.015","critical","true","https://cdn.sanity.io/images/wensahkh/production/0662536359d44234abf42fbabc6fb56198471264-200x75.png"
"Jeep","Avenger","200","75","0.015","critical","true","https://cdn.sanity.io/images/wensahkh/production/0662536359d44234abf42fbabc6fb56198471264-200x75.png"
"Jeep","Cherokee","200","94","0.019","critical","true","https://cdn.sanity.io/images/wensahkh/production/d9f44fcffa6970f1ee99a2365d771ce675deddc8-200x94.png"
"Jeep","Commander","200","75","0.015","critical","true","https://cdn.sanity.io/images/wensahkh/production/0662536359d44234abf42fbabc6fb56198471264-200x75.png"
"Jeep","Compass","200","94","0.019","critical","true","https://cdn.sanity.io/images/wensahkh/production/4021575b5a441f7faffecab2d99c98735fbe4c86-200x94.png"
"Jeep","Gladiator","200","75","0.015","critical","true","https://cdn.sanity.io/images/wensahkh/production/0662536359d44234abf42fbabc6fb56198471264-200x75.png"
"Jeep","Grand Cherokee","200","94","0.019","critical","true","https://cdn.sanity.io/images/wensahkh/production/5ba445509aa1112fb2055cc414439d42f3eb8401-200x94.png"
"Jeep","Patriot","200","75","0.015","critical","true","https://cdn.sanity.io/images/wensahkh/production/0662536359d44234abf42fbabc6fb56198471264-200x75.png"
"Jeep","Renegade","200","94","0.019","critical","true","https://cdn.sanity.io/images/wensahkh/production/50d2580c7fcebc2d114fbb767b9b108ba25399e9-200x94.png"
"Jeep","Wrangler","200","94","0.019","critical","true","https://cdn.sanity.io/images/wensahkh/production/82a25cfcfb0de3f135116c5cdbf97841da0e547d-200x94.png"
"Kia","Carens","200","160","0.032","critical","true","https://cdn.sanity.io/images/wensahkh/production/7ee16febcfe6ef092224819791f81b3c07463113-200x160.jpg"
"Kia","Carnival","200","75","0.015","critical","true","https://cdn.sanity.io/images/wensahkh/production/0662536359d44234abf42fbabc6fb56198471264-200x75.png"
"Kia","Cee'd / Pro Cee'd","200","100","0.02","critical","true","https://cdn.sanity.io/images/wensahkh/production/026f58ae010e88b1949941e9a25a03d442d6e4e6-200x100.png"
"Kia","Cerato","200","75","0.015","critical","true","https://cdn.sanity.io/images/wensahkh/production/0662536359d44234abf42fbabc6fb56198471264-200x75.png"
"Kia","EV3","200","75","0.015","critical","true","https://cdn.sanity.io/images/wensahkh/production/0662536359d44234abf42fbabc6fb56198471264-200x75.png"
"Kia","EV6","200","75","0.015","critical","true","https://cdn.sanity.io/images/wensahkh/production/0662536359d44234abf42fbabc6fb56198471264-200x75.png"
"Kia","Forte","200","75","0.015","critical","true","https://cdn.sanity.io/images/wensahkh/production/0662536359d44234abf42fbabc6fb56198471264-200x75.png"
"Kia","Magentis","200","75","0.015","critical","true","https://cdn.sanity.io/images/wensahkh/production/0662536359d44234abf42fbabc6fb56198471264-200x75.png"
"Kia","Niro","200","75","0.015","critical","true","https://cdn.sanity.io/images/wensahkh/production/0662536359d44234abf42fbabc6fb56198471264-200x75.png"
"Kia","Optima","200","100","0.02","critical","true","https://cdn.sanity.io/images/wensahkh/production/81d19f8bdd3eac0113905940b67cf22755570844-200x100.png"
"Kia","Picanto","200","160","0.032","critical","true","https://cdn.sanity.io/images/wensahkh/production/6a5e23df2b55f016c3e80b921b71b5ad19f34c5d-200x160.jpg"
"Kia","Rio","200","160","0.032","critical","true","https://cdn.sanity.io/images/wensahkh/production/db0b26830acf983a5e0f4353e87a44624fa323a8-200x160.jpg"
"Kia","Sorento","200","160","0.032","critical","true","https://cdn.sanity.io/images/wensahkh/production/27a19f1c2f1dc8d1c11512027931799529202f15-200x160.jpg"
"Kia","Soul","200","160","0.032","critical","true","https://cdn.sanity.io/images/wensahkh/production/37b8fc6e7786a02394420a18c1f0b3d372fa63fe-200x160.png"
"Kia","Sportage","200","160","0.032","critical","true","https://cdn.sanity.io/images/wensahkh/production/f5297ca311a13ad3f625df5e68fd29797ae5d297-200x160.jpg"
"Kia","Stinger","200","100","0.02","critical","true","https://cdn.sanity.io/images/wensahkh/production/2533bbd2fb9b5f977264921013c8b6e55a519692-200x100.png"
"Kia","Stonic","160","80","0.013","critical","true","https://cdn.sanity.io/images/wensahkh/production/29e0521aa7818d04f710d3f45a5a44b2c0f2dcae-160x80.png"
"Kia","Venga","200","160","0.032","critical","true","https://cdn.sanity.io/images/wensahkh/production/103ca0e58b7cf7e293199994bbfbf6678ff08782-200x160.jpg"
"Kia","X-Ceed","200","75","0.015","critical","true","https://cdn.sanity.io/images/wensahkh/production/0662536359d44234abf42fbabc6fb56198471264-200x75.png"
"Lamborghini","Aventador","200","80","0.016","critical","true","https://cdn.sanity.io/images/wensahkh/production/a7234d86c81edc757b615963960519cdfa955577-200x80.png"
"Lamborghini","Huracan","200","58","0.012","critical","true","https://cdn.sanity.io/images/wensahkh/production/54d3888dc98074c0f22ec8098d27e8d019313bc3-200x58.png"
"Lamborghini","LB634","200","75","0.015","critical","true","https://cdn.sanity.io/images/wensahkh/production/0662536359d44234abf42fbabc6fb56198471264-200x75.png"
"Lamborghini","Murcielago","200","75","0.015","critical","true","https://cdn.sanity.io/images/wensahkh/production/0662536359d44234abf42fbabc6fb56198471264-200x75.png"
"Lamborghini","Sian","200","75","0.015","critical","true","https://cdn.sanity.io/images/wensahkh/production/0662536359d44234abf42fbabc6fb56198471264-200x75.png"
"Landrover","Discovery","200","114","0.023","critical","true","https://cdn.sanity.io/images/wensahkh/production/10e89dfccad36cd641b84fbff47e5b10098aeaaf-200x114.png"
"Landrover","Discovery Sport","200","114","0.023","critical","true","https://cdn.sanity.io/images/wensahkh/production/3f36dda86958da68568e7f544edb95ed7ae32104-200x114.png"
"Landrover","Evoque","200","114","0.023","critical","true","https://cdn.sanity.io/images/wensahkh/production/f2c5c5812c228ca635e1f3197205b7d315bd235d-200x114.png"
"Landrover","Range Rover","200","114","0.023","critical","true","https://cdn.sanity.io/images/wensahkh/production/9bcc59a73941dd3c0705cfb33069184db8a68ffa-200x114.png"
"Landrover","Velar","200","113","0.023","critical","true","https://cdn.sanity.io/images/wensahkh/production/e00f78ba0acc7236f53644d818eb0a99875a95c7-200x113.jpg"
"Lexus","ES","200","75","0.015","critical","true","https://cdn.sanity.io/images/wensahkh/production/0662536359d44234abf42fbabc6fb56198471264-200x75.png"
"Lexus","GS","200","77","0.015","critical","true","https://cdn.sanity.io/images/wensahkh/production/f38491b9356d121651d438a1fb67185b6a0087ee-200x77.png"
"Lexus","IS","200","76","0.015","critical","true","https://cdn.sanity.io/images/wensahkh/production/7247f0e19f8ea81e5329643d52b63243f4d76293-200x76.png"
"Lexus","LBX","200","75","0.015","critical","true","https://cdn.sanity.io/images/wensahkh/production/0662536359d44234abf42fbabc6fb56198471264-200x75.png"
"Lexus","LM","200","75","0.015","critical","true","https://cdn.sanity.io/images/wensahkh/production/0662536359d44234abf42fbabc6fb56198471264-200x75.png"
"Lexus","NX","200","77","0.015","critical","true","https://cdn.sanity.io/images/wensahkh/production/a9a353741481ae9a79d7d0eefbed8d844d4fb0ea-200x77.png"
"Lexus","RZ","200","75","0.015","critical","true","https://cdn.sanity.io/images/wensahkh/production/0662536359d44234abf42fbabc6fb56198471264-200x75.png"
"Lexus","UX","200","75","0.015","critical","true","https://cdn.sanity.io/images/wensahkh/production/0662536359d44234abf42fbabc6fb56198471264-200x75.png"
"Lotus","2-Eleven","200","125","0.025","critical","true","https://cdn.sanity.io/images/wensahkh/production/8c51359d5e55e4801ad1647e9570b4d6a7830a40-200x125.png"
"Lotus","3-Eleven","200","75","0.015","critical","true","https://cdn.sanity.io/images/wensahkh/production/0662536359d44234abf42fbabc6fb56198471264-200x75.png"
"Lotus","Eletre","200","75","0.015","critical","true","https://cdn.sanity.io/images/wensahkh/production/0662536359d44234abf42fbabc6fb56198471264-200x75.png"
"Lotus","Elise","200","125","0.025","critical","true","https://cdn.sanity.io/images/wensahkh/production/de8e158099d25d644c602b1278c21d1a020fe9e6-200x125.png"
"Lotus","Emeya","200","75","0.015","critical","true","https://cdn.sanity.io/images/wensahkh/production/0662536359d44234abf42fbabc6fb56198471264-200x75.png"
"Lotus","Emira","200","75","0.015","critical","true","https://cdn.sanity.io/images/wensahkh/production/0662536359d44234abf42fbabc6fb56198471264-200x75.png"
"Lotus","Europa","200","75","0.015","critical","true","https://cdn.sanity.io/images/wensahkh/production/0662536359d44234abf42fbabc6fb56198471264-200x75.png"
"Lotus","Evora","200","125","0.025","critical","true","https://cdn.sanity.io/images/wensahkh/production/91290cd275aa5625082e8e65e039496c96335a71-200x125.png"
"Lotus","Exige","200","125","0.025","critical","true","https://cdn.sanity.io/images/wensahkh/production/d6578a0b1c8fc9256db7fb3a34f9472fb39042d0-200x125.png"
"MAN","TGE","200","75","0.015","critical","true","https://cdn.sanity.io/images/wensahkh/production/0662536359d44234abf42fbabc6fb56198471264-200x75.png"
"Maserati","3200 GT","200","75","0.015","critical","true","https://cdn.sanity.io/images/wensahkh/production/0662536359d44234abf42fbabc6fb56198471264-200x75.png"
"Maserati","4200 GT / Coupé","200","75","0.015","critical","true","https://cdn.sanity.io/images/wensahkh/production/0662536359d44234abf42fbabc6fb56198471264-200x75.png"
"Maserati","Ghibli","200","100","0.02","critical","true","https://cdn.sanity.io/images/wensahkh/production/c36dff3ffb1d7e5baba3a63fed00b6eda8e5eae5-200x100.png"
"Maserati","Grancabrio","200","75","0.015","critical","true","https://cdn.sanity.io/images/wensahkh/production/0662536359d44234abf42fbabc6fb56198471264-200x75.png"
"Maserati","Gransport","200","75","0.015","critical","true","https://cdn.sanity.io/images/wensahkh/production/0662536359d44234abf42fbabc6fb56198471264-200x75.png"
"Maserati","Granturismo","200","100","0.02","critical","true","https://cdn.sanity.io/images/wensahkh/production/9065703feddeb6267e6fac916f33ace63b73693e-200x100.png"
"Maserati","Grecale","200","75","0.015","critical","true","https://cdn.sanity.io/images/wensahkh/production/0662536359d44234abf42fbabc6fb56198471264-200x75.png"
"Maserati","Levante","200","100","0.02","critical","true","https://cdn.sanity.io/images/wensahkh/production/21b8a63ca93504a36dc7768989378e21a0d21002-200x100.png"
"Maserati","MC20","200","75","0.015","critical","true","https://cdn.sanity.io/images/wensahkh/production/0662536359d44234abf42fbabc6fb56198471264-200x75.png"
"Maserati","Quattroporte","200","100","0.02","critical","true","https://cdn.sanity.io/images/wensahkh/production/e77b34dbe3cace8c05196366cccd7ed6540b0f98-200x100.png"
"Mazda","BT-50","200","75","0.015","critical","true","https://cdn.sanity.io/images/wensahkh/production/0662536359d44234abf42fbabc6fb56198471264-200x75.png"
"Mazda","CX-3","200","70","0.014","critical","true","https://cdn.sanity.io/images/wensahkh/production/6679745a6a07c32c2be062bbbd8ea7ef41a9177f-200x70.png"
"Mazda","CX-5","200","79","0.016","critical","true","https://cdn.sanity.io/images/wensahkh/production/e91dad0d49466d677c75cc1b93f9e83cb291169a-200x79.png"
"Mazda","CX-60","200","75","0.015","critical","true","https://cdn.sanity.io/images/wensahkh/production/0662536359d44234abf42fbabc6fb56198471264-200x75.png"
"Mazda","CX-7","200","75","0.015","critical","true","https://cdn.sanity.io/images/wensahkh/production/0662536359d44234abf42fbabc6fb56198471264-200x75.png"
"Mazda","CX-80","200","75","0.015","critical","true","https://cdn.sanity.io/images/wensahkh/production/0662536359d44234abf42fbabc6fb56198471264-200x75.png"
"Mazda","Mazda 2","200","70","0.014","critical","true","https://cdn.sanity.io/images/wensahkh/production/087bcd8d02fcd8118af2abecb37e488cee83ac81-200x70.png"
"Mazda","Mazda 3","200","70","0.014","critical","true","https://cdn.sanity.io/images/wensahkh/production/1a142486b0a69a45100668ddbbdf294ede8676e0-200x70.png"
"Mazda","Mazda 5","200","75","0.015","critical","true","https://cdn.sanity.io/images/wensahkh/production/0662536359d44234abf42fbabc6fb56198471264-200x75.png"
"Mazda","Mazda 6","200","70","0.014","critical","true","https://cdn.sanity.io/images/wensahkh/production/cb254ce46b549cd2c1f1b3746640c1146263dee2-200x70.png"
"Mazda","Mazda MPV","200","75","0.015","critical","true","https://cdn.sanity.io/images/wensahkh/production/0662536359d44234abf42fbabc6fb56198471264-200x75.png"
"Mazda","MPS","200","75","0.015","critical","true","https://cdn.sanity.io/images/wensahkh/production/0662536359d44234abf42fbabc6fb56198471264-200x75.png"
"Mazda","MX-30","200","75","0.015","critical","true","https://cdn.sanity.io/images/wensahkh/production/0662536359d44234abf42fbabc6fb56198471264-200x75.png"
"Mazda","MX5","200","70","0.014","critical","true","https://cdn.sanity.io/images/wensahkh/production/77ec997d0e7765e131b145cf2a800b1303288ab3-200x70.png"
"Mazda","RX8","200","75","0.015","critical","true","https://cdn.sanity.io/images/wensahkh/production/0662536359d44234abf42fbabc6fb56198471264-200x75.png"
"McLaren","Artura","200","75","0.015","critical","true","https://cdn.sanity.io/images/wensahkh/production/0662536359d44234abf42fbabc6fb56198471264-200x75.png"
"McLaren","Sports Series","200","75","0.015","critical","true","https://cdn.sanity.io/images/wensahkh/production/0662536359d44234abf42fbabc6fb56198471264-200x75.png"
"McLaren","Super Series","200","75","0.015","critical","true","https://cdn.sanity.io/images/wensahkh/production/0662536359d44234abf42fbabc6fb56198471264-200x75.png"
"McLaren","Ultimate Series","200","75","0.015","critical","true","https://cdn.sanity.io/images/wensahkh/production/0662536359d44234abf42fbabc6fb56198471264-200x75.png"
"Mercedes","A / A Berline","200","113","0.023","critical","true","https://cdn.sanity.io/images/wensahkh/production/9d1236afb5f94afa2ea0694b49aa662d2132510f-200x113.png"
"Mercedes","AMG GT 4-door Coupé","200","113","0.023","critical","true","https://cdn.sanity.io/images/wensahkh/production/d48abc879729fc688ecb30cce49eb7b5b7f87db9-200x113.png"
"Mercedes","AMG GT Coupé / Roadster","200","113","0.023","critical","true","https://cdn.sanity.io/images/wensahkh/production/592e5412a6255e7429bd6181618703b82d091859-200x113.png"
"Mercedes","B","200","113","0.023","critical","true","https://cdn.sanity.io/images/wensahkh/production/82c78731c73ac5a580c910ad8be43798e01e66b7-200x113.png"
"Mercedes","C","200","113","0.023","critical","true","https://cdn.sanity.io/images/wensahkh/production/9c5bc0f1c1bf11ae1a63370de7804995d97aa81e-200x113.png"
"Mercedes","Citan","163","110","0.018","critical","true","https://cdn.sanity.io/images/wensahkh/production/107f6a8d4e20dfb352c17ceacd3711f57a38363d-163x110.png"
"Mercedes","CL","200","75","0.015","critical","true","https://cdn.sanity.io/images/wensahkh/production/0662536359d44234abf42fbabc6fb56198471264-200x75.png"
"Mercedes","CLA","200","113","0.023","critical","true","https://cdn.sanity.io/images/wensahkh/production/65b6eb9b712596c3f7ad5d3818eb0fd0f9c35aca-200x113.png"
"Mercedes","CLC","200","75","0.015","critical","true","https://cdn.sanity.io/images/wensahkh/production/0662536359d44234abf42fbabc6fb56198471264-200x75.png"
"Mercedes","CLE","200","75","0.015","critical","true","https://cdn.sanity.io/images/wensahkh/production/0662536359d44234abf42fbabc6fb56198471264-200x75.png"
"Mercedes","CLK","200","75","0.015","critical","true","https://cdn.sanity.io/images/wensahkh/production/0662536359d44234abf42fbabc6fb56198471264-200x75.png"
"Mercedes","CLS","200","113","0.023","critical","true","https://cdn.sanity.io/images/wensahkh/production/ac02e2d21f588567affebb1f29cabea2c20a1ff4-200x113.png"
"Mercedes","E / E Coupé / All Terrain","200","113","0.023","critical","true","https://cdn.sanity.io/images/wensahkh/production/16dbde9c4c8c68dac1ff34b91a3c4731861377e1-200x113.png"
"Mercedes","EQA","200","75","0.015","critical","true","https://cdn.sanity.io/images/wensahkh/production/0662536359d44234abf42fbabc6fb56198471264-200x75.png"
"Mercedes","EQB","200","75","0.015","critical","true","https://cdn.sanity.io/images/wensahkh/production/0662536359d44234abf42fbabc6fb56198471264-200x75.png"
"Mercedes","EQC","200","75","0.015","critical","true","https://cdn.sanity.io/images/wensahkh/production/0662536359d44234abf42fbabc6fb56198471264-200x75.png"
"Mercedes","EQE","200","75","0.015","critical","true","https://cdn.sanity.io/images/wensahkh/production/0662536359d44234abf42fbabc6fb56198471264-200x75.png"
"Mercedes","EQS","200","75","0.015","critical","true","https://cdn.sanity.io/images/wensahkh/production/0662536359d44234abf42fbabc6fb56198471264-200x75.png"
"Mercedes","EQT","200","75","0.015","critical","true","https://cdn.sanity.io/images/wensahkh/production/0662536359d44234abf42fbabc6fb56198471264-200x75.png"
"Mercedes","EQV","200","75","0.015","critical","true","https://cdn.sanity.io/images/wensahkh/production/0662536359d44234abf42fbabc6fb56198471264-200x75.png"
"Mercedes","G","200","113","0.023","critical","true","https://cdn.sanity.io/images/wensahkh/production/bd6df65bf58d43f21a336a67a08ec8d0b7ba8087-200x113.png"
"Mercedes","GL","200","75","0.015","critical","true","https://cdn.sanity.io/images/wensahkh/production/0662536359d44234abf42fbabc6fb56198471264-200x75.png"
"Mercedes","GLA","200","113","0.023","critical","true","https://cdn.sanity.io/images/wensahkh/production/f3439fbcb69fb706d7c7577403a76d56edbe5fc8-200x113.png"
"Mercedes","GLB","200","113","0.023","critical","true","https://cdn.sanity.io/images/wensahkh/production/0559d4d3c588962a2f6817a85c94381412a875ae-200x113.png"
"Mercedes","GLC / GLC Coupé","200","113","0.023","critical","true","https://cdn.sanity.io/images/wensahkh/production/dc80b1870a0f653f47f6bf701a94b23f81375100-200x113.png"
"Mercedes","GLE / GLE Coupé","200","113","0.023","critical","true","https://cdn.sanity.io/images/wensahkh/production/c66919275a399f26002c50ade7f50d1da006e5ab-200x113.png"
"Mercedes","GLK","200","75","0.015","critical","true","https://cdn.sanity.io/images/wensahkh/production/0662536359d44234abf42fbabc6fb56198471264-200x75.png"
"Mercedes","GLS","200","113","0.023","critical","true","https://cdn.sanity.io/images/wensahkh/production/875ce24851a7a3a9be3cbec1050415bc226f7577-200x113.png"
"Mercedes","Maybach","200","75","0.015","critical","true","https://cdn.sanity.io/images/wensahkh/production/0662536359d44234abf42fbabc6fb56198471264-200x75.png"
"Mercedes","ML","200","75","0.015","critical","true","https://cdn.sanity.io/images/wensahkh/production/0662536359d44234abf42fbabc6fb56198471264-200x75.png"
"Mercedes","R","200","75","0.015","critical","true","https://cdn.sanity.io/images/wensahkh/production/0662536359d44234abf42fbabc6fb56198471264-200x75.png"
"Mercedes","S","200","113","0.023","critical","true","https://cdn.sanity.io/images/wensahkh/production/d515126e44f85fdfa014bbd4f842d791e64e8aac-200x113.png"
"Mercedes","SL","200","113","0.023","critical","true","https://cdn.sanity.io/images/wensahkh/production/f05ee98114daf229732461b26598a4e97461ed81-200x113.png"
"Mercedes","SLC","200","113","0.023","critical","true","https://cdn.sanity.io/images/wensahkh/production/7c05da3d2794895cdfd51989bd9b6277b6f06476-200x113.png"
"Mercedes","SLK","200","75","0.015","critical","true","https://cdn.sanity.io/images/wensahkh/production/0662536359d44234abf42fbabc6fb56198471264-200x75.png"
"Mercedes","SLS","200","75","0.015","critical","true","https://cdn.sanity.io/images/wensahkh/production/0662536359d44234abf42fbabc6fb56198471264-200x75.png"
"Mercedes","Sprinter","200","117","0.023","critical","true","https://cdn.sanity.io/images/wensahkh/production/c1221769ec0180632ded3137357ffacd9b0406c0-200x117.png"
"Mercedes","T","200","75","0.015","critical","true","https://cdn.sanity.io/images/wensahkh/production/0662536359d44234abf42fbabc6fb56198471264-200x75.png"
"Mercedes","V","200","113","0.023","critical","true","https://cdn.sanity.io/images/wensahkh/production/42acd2b92c9d2a44bfd5ff6baf08ae60a51b3885-200x113.png"
"Mercedes","Vaneo","200","75","0.015","critical","true","https://cdn.sanity.io/images/wensahkh/production/0662536359d44234abf42fbabc6fb56198471264-200x75.png"
"Mercedes","Viano","200","75","0.015","critical","true","https://cdn.sanity.io/images/wensahkh/production/0662536359d44234abf42fbabc6fb56198471264-200x75.png"
"Mercedes","Vito","200","109","0.022","critical","true","https://cdn.sanity.io/images/wensahkh/production/3ac57f88405e75471333c3aef31645598b489afc-200x109.png"
"Mercedes","X","200","113","0.023","critical","true","https://cdn.sanity.io/images/wensahkh/production/4f9dc649e6d0cf7bfad8c0530445ff61233533ac-200x113.png"
"Mini","Aceman","200","75","0.015","critical","true","https://cdn.sanity.io/images/wensahkh/production/0662536359d44234abf42fbabc6fb56198471264-200x75.png"
"Mini","Clubman","200","75","0.015","critical","true","https://cdn.sanity.io/images/wensahkh/production/32f8ff2d2d207f0a313eaafbe22b99e8df0393d7-200x75.png"
"Mini","Cooper","200","113","0.023","critical","true","https://cdn.sanity.io/images/wensahkh/production/4e2d3d52315f86f4fdc92455b56f6d7c8f0d6ddc-200x113.png"
"Mini","Cooper S ...","200","113","0.023","critical","true","https://cdn.sanity.io/images/wensahkh/production/f3f47ee7ffd11881ada7e8cff12e652612ec0c4e-200x113.png"
"Mini","Cooper S D ...","200","113","0.023","critical","true","https://cdn.sanity.io/images/wensahkh/production/f3f47ee7ffd11881ada7e8cff12e652612ec0c4e-200x113.png"
"Mini","Countryman","200","75","0.015","critical","true","https://cdn.sanity.io/images/wensahkh/production/abefb6f2de26db99fdfd58014370d6377596feee-200x75.png"
"Mini","One / One D / Minimalist","200","113","0.023","critical","true","https://cdn.sanity.io/images/wensahkh/production/a70d29f10396d9067b27b4c534b0c12d493059bb-200x113.png"
"Mini","Paceman","200","75","0.015","critical","true","https://cdn.sanity.io/images/wensahkh/production/0662536359d44234abf42fbabc6fb56198471264-200x75.png"
"Mini","Roadster/Coupé","200","75","0.015","critical","true","https://cdn.sanity.io/images/wensahkh/production/0662536359d44234abf42fbabc6fb56198471264-200x75.png"
"Mitsubishi","ASX","200","150","0.03","critical","true","https://cdn.sanity.io/images/wensahkh/production/b480b786976fa9940b5a76ed10d939644697bdb1-200x150.png"
"Mitsubishi","Carisma","200","75","0.015","critical","true","https://cdn.sanity.io/images/wensahkh/production/0662536359d44234abf42fbabc6fb56198471264-200x75.png"
"Mitsubishi","Colt","200","75","0.015","critical","true","https://cdn.sanity.io/images/wensahkh/production/0662536359d44234abf42fbabc6fb56198471264-200x75.png"
"Mitsubishi","Delica","200","75","0.015","critical","true","https://cdn.sanity.io/images/wensahkh/production/0662536359d44234abf42fbabc6fb56198471264-200x75.png"
"Mitsubishi","Eclipse","200","150","0.03","critical","true","https://cdn.sanity.io/images/wensahkh/production/618eafda1300fea29dd967cd2bd532c47b40a0c1-200x150.png"
"Mitsubishi","EVO","200","75","0.015","critical","true","https://cdn.sanity.io/images/wensahkh/production/0662536359d44234abf42fbabc6fb56198471264-200x75.png"
"Mitsubishi","Fuso","200","75","0.015","critical","true","https://cdn.sanity.io/images/wensahkh/production/0662536359d44234abf42fbabc6fb56198471264-200x75.png"
"Mitsubishi","Grandis","200","75","0.015","critical","true","https://cdn.sanity.io/images/wensahkh/production/0662536359d44234abf42fbabc6fb56198471264-200x75.png"
"Mitsubishi","L200","200","150","0.03","critical","true","https://cdn.sanity.io/images/wensahkh/production/3a07da81308e3a00d6f5ae0e8dd0639ae65883f6-200x150.png"
"Mitsubishi","Lancer","200","75","0.015","critical","true","https://cdn.sanity.io/images/wensahkh/production/0662536359d44234abf42fbabc6fb56198471264-200x75.png"
"Mitsubishi","Outlander","200","150","0.03","critical","true","https://cdn.sanity.io/images/wensahkh/production/86dfb47d0fa1c9dfb479127194d4b443e68b0da5-200x150.png"
"Mitsubishi","Pajero","200","75","0.015","critical","true","https://cdn.sanity.io/images/wensahkh/production/0662536359d44234abf42fbabc6fb56198471264-200x75.png"
"Mitsubishi","Spacecar","200","150","0.03","critical","true","https://cdn.sanity.io/images/wensahkh/production/a37f0417527985abd27cfbc3e51c789626d72f30-200x150.png"
"Nissan","350Z","200","75","0.015","critical","true","https://cdn.sanity.io/images/wensahkh/production/0662536359d44234abf42fbabc6fb56198471264-200x75.png"
"Nissan","370Z","200","77","0.015","critical","true","https://cdn.sanity.io/images/wensahkh/production/2853d15d0da481c546b06a0c47fee794e88d8a44-200x77.jpg"
"Nissan","Almera","200","75","0.015","critical","true","https://cdn.sanity.io/images/wensahkh/production/0662536359d44234abf42fbabc6fb56198471264-200x75.png"
"Nissan","Ariya","200","75","0.015","critical","true","https://cdn.sanity.io/images/wensahkh/production/0662536359d44234abf42fbabc6fb56198471264-200x75.png"
"Nissan","Atleon / NT 500","200","75","0.015","critical","true","https://cdn.sanity.io/images/wensahkh/production/0662536359d44234abf42fbabc6fb56198471264-200x75.png"
"Nissan","Cabstar / NT400","200","75","0.015","critical","true","https://cdn.sanity.io/images/wensahkh/production/0662536359d44234abf42fbabc6fb56198471264-200x75.png"
"Nissan","Evalia","200","75","0.015","critical","true","https://cdn.sanity.io/images/wensahkh/production/0662536359d44234abf42fbabc6fb56198471264-200x75.png"
"Nissan","GTR","200","77","0.015","critical","true","https://cdn.sanity.io/images/wensahkh/production/f0ee5da562b9bb800d49fd6c0c5cd9710e522561-200x77.png"
"Nissan","Interstar","200","75","0.015","critical","true","https://cdn.sanity.io/images/wensahkh/production/0662536359d44234abf42fbabc6fb56198471264-200x75.png"
"Nissan","Juke","200","77","0.015","critical","true","https://cdn.sanity.io/images/wensahkh/production/f9964fadcca7cfa557ae4d073c078d73f58381f4-200x77.jpg"
"Nissan","Kubistar","200","75","0.015","critical","true","https://cdn.sanity.io/images/wensahkh/production/0662536359d44234abf42fbabc6fb56198471264-200x75.png"
"Nissan","Leaf","200","77","0.015","critical","true","https://cdn.sanity.io/images/wensahkh/production/4a2f948c3a5f89958e3f3b493e5a3a36aef1e060-200x77.png"
"Nissan","Micra","200","77","0.015","critical","true","https://cdn.sanity.io/images/wensahkh/production/374f5f30fa6304f05d71f0c51d63aef4277d8a68-200x77.jpg"
"Nissan","Murano","200","113","0.023","critical","true","https://cdn.sanity.io/images/wensahkh/production/f500b59ffb2aa2c32ebc2fdaac235eb2031bba69-200x113.png"
"Nissan","NP 300 - Navara","200","77","0.015","critical","true","https://cdn.sanity.io/images/wensahkh/production/0980626166d2c4da711f7186e3a364cf55778dbe-200x77.png"
"Nissan","NV 200","200","75","0.015","critical","true","https://cdn.sanity.io/images/wensahkh/production/0662536359d44234abf42fbabc6fb56198471264-200x75.png"
"Nissan","NV 250","200","75","0.015","critical","true","https://cdn.sanity.io/images/wensahkh/production/0662536359d44234abf42fbabc6fb56198471264-200x75.png"
"Nissan","NV 300","200","77","0.015","critical","true","https://cdn.sanity.io/images/wensahkh/production/267b49701a2be79d75aecb56fb33856fbe45a835-200x77.png"
"Nissan","NV 400","200","77","0.015","critical","true","https://cdn.sanity.io/images/wensahkh/production/d6d7fc902a4885235e921d2ed58ad278e5abe092-200x77.png"
"Nissan","Pathfinder","200","113","0.023","critical","true","https://cdn.sanity.io/images/wensahkh/production/846cf0f73bd1c613d9b6acdd76fefb5541b3c966-200x113.png"
"Nissan","Primastar","200","75","0.015","critical","true","https://cdn.sanity.io/images/wensahkh/production/0662536359d44234abf42fbabc6fb56198471264-200x75.png"
"Nissan","Qashqai","200","77","0.015","critical","true","https://cdn.sanity.io/images/wensahkh/production/5738084a10cfce4e8b2bdff421b944da930d5937-200x77.png"
"Nissan","Roox","200","75","0.015","critical","true","https://cdn.sanity.io/images/wensahkh/production/0662536359d44234abf42fbabc6fb56198471264-200x75.png"
"Nissan","Terrano 2","200","75","0.015","critical","true","https://cdn.sanity.io/images/wensahkh/production/0662536359d44234abf42fbabc6fb56198471264-200x75.png"
"Nissan","Tiida","200","75","0.015","critical","true","https://cdn.sanity.io/images/wensahkh/production/0662536359d44234abf42fbabc6fb56198471264-200x75.png"
"Nissan","Townstar","200","75","0.015","critical","true","https://cdn.sanity.io/images/wensahkh/production/0662536359d44234abf42fbabc6fb56198471264-200x75.png"
"Nissan","X-Trail","200","77","0.015","critical","true","https://cdn.sanity.io/images/wensahkh/production/1244d32fc4fc1b717ae860a2e5bfef10d07c4343-200x77.png"
"Opel","Adam","200","112","0.022","critical","true","https://cdn.sanity.io/images/wensahkh/production/633ed0e3e417dc94bf1c2e403c604f1132d9f506-200x112.png"
"Opel","Antara","200","75","0.015","critical","true","https://cdn.sanity.io/images/wensahkh/production/0662536359d44234abf42fbabc6fb56198471264-200x75.png"
"Opel","Astra","200","112","0.022","critical","true","https://cdn.sanity.io/images/wensahkh/production/e7310e8e8cfa145bfa2b0f536a535f662265a02c-200x112.png"
"Opel","Combo","200","112","0.022","critical","true","https://cdn.sanity.io/images/wensahkh/production/2c034d4bf4b1061a2c4602bc94868510ce6148a2-200x112.png"
"Opel","Corsa","200","112","0.022","critical","true","https://cdn.sanity.io/images/wensahkh/production/9c49e0ecc9af9f7ab0aabc28b48a9f81b45cc2d8-200x112.png"
"Opel","Crossland","200","75","0.015","critical","true","https://cdn.sanity.io/images/wensahkh/production/0662536359d44234abf42fbabc6fb56198471264-200x75.png"
"Opel","Crossland X","200","112","0.022","critical","true","https://cdn.sanity.io/images/wensahkh/production/d30c71e5301e2f606520a52dfe76c6c53cf1d627-200x112.png"
"Opel","Frontera","200","75","0.015","critical","true","https://cdn.sanity.io/images/wensahkh/production/0662536359d44234abf42fbabc6fb56198471264-200x75.png"
"Opel","Grandland","200","75","0.015","critical","true","https://cdn.sanity.io/images/wensahkh/production/0662536359d44234abf42fbabc6fb56198471264-200x75.png"
"Opel","Grandland X","200","112","0.022","critical","true","https://cdn.sanity.io/images/wensahkh/production/0388eeb8d69635d5a17ebafb7d86a7a7335efcae-200x112.png"
"Opel","Insignia / Insignia Grand Sport","200","112","0.022","critical","true","https://cdn.sanity.io/images/wensahkh/production/a27db22866eb5ef30c2bd39420cbb7253242eefa-200x112.png"
"Opel","Movano","200","113","0.023","critical","true","https://cdn.sanity.io/images/wensahkh/production/34da1a7434a7a9aa46fcdc1bf3c693dab5ea733e-200x113.png"
"Opel","Rocks-e","200","75","0.015","critical","true","https://cdn.sanity.io/images/wensahkh/production/0662536359d44234abf42fbabc6fb56198471264-200x75.png"
"Opel","Vivaro","200","113","0.023","critical","true","https://cdn.sanity.io/images/wensahkh/production/164487fe813332fdfbc56820562425a98113626f-200x113.png"
"Opel","Zafira","200","112","0.022","critical","true","https://cdn.sanity.io/images/wensahkh/production/8a5b2872a85578b4b8c7226f0a417e1f3ccb0fe4-200x112.png"
"Pagani","Zonda","200","75","0.015","critical","true","https://cdn.sanity.io/images/wensahkh/production/0662536359d44234abf42fbabc6fb56198471264-200x75.png"
"Peugeot","107","200","75","0.015","critical","true","https://cdn.sanity.io/images/wensahkh/production/0662536359d44234abf42fbabc6fb56198471264-200x75.png"
"Peugeot","108","200","94","0.019","critical","true","https://cdn.sanity.io/images/wensahkh/production/af272ec0b8b1ed334dabd66b37b54e0f2e218486-200x94.png"
"Peugeot","2008","200","94","0.019","critical","true","https://cdn.sanity.io/images/wensahkh/production/317ecdb36dacc5a4648edd0b7ec908f04d79ed4f-200x94.png"
"Peugeot","208","200","94","0.019","critical","true","https://cdn.sanity.io/images/wensahkh/production/cd4ab8f1885e71edbb10a8c1ad35b34d99a5064e-200x94.png"
"Peugeot","3008","200","94","0.019","critical","true","https://cdn.sanity.io/images/wensahkh/production/757cbf4fb06bd7e7550940061b8b029d314f26fd-200x94.png"
"Peugeot","308","200","94","0.019","critical","true","https://cdn.sanity.io/images/wensahkh/production/77d168131fe99771ca61456c4181bf6a16be4aff-200x94.png"
"Peugeot","5008","200","94","0.019","critical","true","https://cdn.sanity.io/images/wensahkh/production/37fa774ac1881941cf4fca5f6766f8de44c1ec57-200x94.png"
"Peugeot","508","200","94","0.019","critical","true","https://cdn.sanity.io/images/wensahkh/production/af12746bd0ff7603e0d11316d9828b0d16d90eb1-200x94.png"
"Peugeot","Bipper","200","75","0.015","critical","true","https://cdn.sanity.io/images/wensahkh/production/0662536359d44234abf42fbabc6fb56198471264-200x75.png"
"Peugeot","Boxer","200","94","0.019","critical","true","https://cdn.sanity.io/images/wensahkh/production/2ada56de0326473c4b94e6069a23e6814ee227e1-200x94.png"
"Peugeot","Expert / Traveller","200","94","0.019","critical","true","https://cdn.sanity.io/images/wensahkh/production/0a4406ac468dd6a0c30876987421302b215a6551-200x94.png"
"Peugeot","Partner","200","99","0.02","critical","true","https://cdn.sanity.io/images/wensahkh/production/a666805421c166e5005097f464711d934411b2aa-200x99.png"
"Peugeot","Rifter","200","94","0.019","critical","true","https://cdn.sanity.io/images/wensahkh/production/52e8cc81e05fd65e377acf2ff79423a81c508719-200x94.png"
"Porsche","911","200","113","0.023","critical","true","https://cdn.sanity.io/images/wensahkh/production/5210005ec00bf012dbeca7fa1d9d835b6a4e34af-200x113.png"
"Porsche","918","200","75","0.015","critical","true","https://cdn.sanity.io/images/wensahkh/production/0662536359d44234abf42fbabc6fb56198471264-200x75.png"
"Porsche","Boxster","200","113","0.023","critical","true","https://cdn.sanity.io/images/wensahkh/production/6ff9fafa578e09871f894b712efb97d78b9111b9-200x113.png"
"Porsche","Carrera GT","200","75","0.015","critical","true","https://cdn.sanity.io/images/wensahkh/production/0662536359d44234abf42fbabc6fb56198471264-200x75.png"
"Porsche","Cayenne","200","113","0.023","critical","true","https://cdn.sanity.io/images/wensahkh/production/2e3139d80859e75ca47166f751935fe5e6233589-200x113.png"
"Porsche","Cayman","200","113","0.023","critical","true","https://cdn.sanity.io/images/wensahkh/production/91ac3904b5a2cb731dddbe1cbddb78f931456638-200x113.png"
"Porsche","Macan","200","113","0.023","critical","true","https://cdn.sanity.io/images/wensahkh/production/c0be3df42a33978f201f654b5f60347199bc04c8-200x113.png"
"Porsche","Panamera","200","113","0.023","critical","true","https://cdn.sanity.io/images/wensahkh/production/ca2b9946dd3d82551a520bbc99e965ad6d6f4868-200x113.png"
"Renault","Austral","200","75","0.015","critical","true","https://cdn.sanity.io/images/wensahkh/production/0662536359d44234abf42fbabc6fb56198471264-200x75.png"
"Renault","Avantime","200","75","0.015","critical","true","https://cdn.sanity.io/images/wensahkh/production/0662536359d44234abf42fbabc6fb56198471264-200x75.png"
"Renault","Captur / QM3","200","133","0.027","critical","true","https://cdn.sanity.io/images/wensahkh/production/ba35be775efb7d9162d9ffa2d6722e4bdb1dc3d5-200x133.jpg"
"Renault","Clio","200","125","0.025","critical","true","https://cdn.sanity.io/images/wensahkh/production/c6ce450a52b0d407fe2e315ca4b509da48b01a34-200x125.png"
"Renault","Espace","200","125","0.025","critical","true","https://cdn.sanity.io/images/wensahkh/production/22dabea4e3df6233ebc0cd0782d2af2320e3a18f-200x125.png"
"Renault","Kadjar","200","125","0.025","critical","true","https://cdn.sanity.io/images/wensahkh/production/fda8147e054458d030e0546c74ff639c2021e703-200x125.png"
"Renault","Koleos","200","113","0.023","critical","true","https://cdn.sanity.io/images/wensahkh/production/502d9050ac90d009efbc641c1358ea38ac2fd1b8-200x113.jpg"
"Renault","Laguna coupe","200","75","0.015","critical","true","https://cdn.sanity.io/images/wensahkh/production/0662536359d44234abf42fbabc6fb56198471264-200x75.png"
"Renault","Latitude","200","75","0.015","critical","true","https://cdn.sanity.io/images/wensahkh/production/0662536359d44234abf42fbabc6fb56198471264-200x75.png"
"Renault","Mascott","200","75","0.015","critical","true","https://cdn.sanity.io/images/wensahkh/production/0662536359d44234abf42fbabc6fb56198471264-200x75.png"
"Renault","Master","200","75","0.015","critical","true","https://cdn.sanity.io/images/wensahkh/production/0662536359d44234abf42fbabc6fb56198471264-200x75.png"
"Renault","Maxity","200","75","0.015","critical","true","https://cdn.sanity.io/images/wensahkh/production/0662536359d44234abf42fbabc6fb56198471264-200x75.png"
"Renault","Megane","200","125","0.025","critical","true","https://cdn.sanity.io/images/wensahkh/production/18c93f7b4dbfe21966a790ea4cffb6f7932e868e-200x125.png"
"Renault","Megane E-Tech","200","75","0.015","critical","true","https://cdn.sanity.io/images/wensahkh/production/0662536359d44234abf42fbabc6fb56198471264-200x75.png"
"Renault","Modus","200","75","0.015","critical","true","https://cdn.sanity.io/images/wensahkh/production/0662536359d44234abf42fbabc6fb56198471264-200x75.png"
"Renault","R5","200","75","0.015","critical","true","https://cdn.sanity.io/images/wensahkh/production/0662536359d44234abf42fbabc6fb56198471264-200x75.png"
"Renault","Rafale","200","75","0.015","critical","true","https://cdn.sanity.io/images/wensahkh/production/0662536359d44234abf42fbabc6fb56198471264-200x75.png"
"Renault","Scenic / Grand Scenic","200","125","0.025","critical","true","https://cdn.sanity.io/images/wensahkh/production/d2dc7206f8fd736d4ea856bda8967ed19bf0dc55-200x125.png"
"Renault","Symbioz","200","75","0.015","critical","true","https://cdn.sanity.io/images/wensahkh/production/0662536359d44234abf42fbabc6fb56198471264-200x75.png"
"Renault","Talisman","200","125","0.025","critical","true","https://cdn.sanity.io/images/wensahkh/production/7ac075d1b2fc0e8fd2e559745e537dec25a5f750-200x125.png"
"Renault","Twingo","200","125","0.025","critical","true","https://cdn.sanity.io/images/wensahkh/production/9b71e5cf6e7478af43b463e699322a413a0ef54a-200x125.png"
"Renault","Vel Satis","200","75","0.015","critical","true","https://cdn.sanity.io/images/wensahkh/production/0662536359d44234abf42fbabc6fb56198471264-200x75.png"
"Renault","Wind","200","75","0.015","critical","true","https://cdn.sanity.io/images/wensahkh/production/0662536359d44234abf42fbabc6fb56198471264-200x75.png"
"Renault","ZOE","200","75","0.015","critical","true","https://cdn.sanity.io/images/wensahkh/production/0662536359d44234abf42fbabc6fb56198471264-200x75.png"
"Rolls Royce","Cullinan","200","75","0.015","critical","true","https://cdn.sanity.io/images/wensahkh/production/0662536359d44234abf42fbabc6fb56198471264-200x75.png"
"Rolls Royce","Dawn","200","75","0.015","critical","true","https://cdn.sanity.io/images/wensahkh/production/0662536359d44234abf42fbabc6fb56198471264-200x75.png"
"Rolls Royce","Ghost","200","75","0.015","critical","true","https://cdn.sanity.io/images/wensahkh/production/0662536359d44234abf42fbabc6fb56198471264-200x75.png"
"Rolls Royce","Phantom","200","75","0.015","critical","true","https://cdn.sanity.io/images/wensahkh/production/0662536359d44234abf42fbabc6fb56198471264-200x75.png"
"Rolls Royce","Spectre","200","75","0.015","critical","true","https://cdn.sanity.io/images/wensahkh/production/0662536359d44234abf42fbabc6fb56198471264-200x75.png"
"Rolls Royce","Wraith","200","75","0.015","critical","true","https://cdn.sanity.io/images/wensahkh/production/0662536359d44234abf42fbabc6fb56198471264-200x75.png"
"Saab","9-4X","200","75","0.015","critical","true","https://cdn.sanity.io/images/wensahkh/production/0662536359d44234abf42fbabc6fb56198471264-200x75.png"
"Seat","Alhambra","200","91","0.018","critical","true","https://cdn.sanity.io/images/wensahkh/production/fa58df79865f53c424a576687709290ec943d168-200x91.png"
"Seat","Arona","200","91","0.018","critical","true","https://cdn.sanity.io/images/wensahkh/production/9c9044621ca19ff346a28c92211e209cf859240f-200x91.png"
"Seat","Ateca","200","91","0.018","critical","true","https://cdn.sanity.io/images/wensahkh/production/b92d135fde5941045ff69dd4b8ce09a68883e0d1-200x91.png"
"Seat","Cordoba","200","75","0.015","critical","true","https://cdn.sanity.io/images/wensahkh/production/0662536359d44234abf42fbabc6fb56198471264-200x75.png"
"Seat","Ibiza","200","91","0.018","critical","true","https://cdn.sanity.io/images/wensahkh/production/f3846eaf99ef3c4979ea513a6931096cedeb6236-200x91.png"
"Seat","Leon","200","91","0.018","critical","true","https://cdn.sanity.io/images/wensahkh/production/cd9706b4328e270790c8dce4d7858121cfb5b86c-200x91.png"
"Seat","Mii","200","75","0.015","critical","true","https://cdn.sanity.io/images/wensahkh/production/0662536359d44234abf42fbabc6fb56198471264-200x75.png"
"Seat","Tarraco","200","91","0.018","critical","true","https://cdn.sanity.io/images/wensahkh/production/b4cb346508b994c5bdbb810e773ec42887f04131-200x91.png"
"Seat","Toledo","200","75","0.015","critical","true","https://cdn.sanity.io/images/wensahkh/production/0662536359d44234abf42fbabc6fb56198471264-200x75.png"
"Skoda","Elroq","200","75","0.015","critical","true","https://cdn.sanity.io/images/wensahkh/production/0662536359d44234abf42fbabc6fb56198471264-200x75.png"
"Skoda","Enyaq","200","75","0.015","critical","true","https://cdn.sanity.io/images/wensahkh/production/0662536359d44234abf42fbabc6fb56198471264-200x75.png"
"Skoda","Kamiq","200","100","0.02","critical","true","https://cdn.sanity.io/images/wensahkh/production/499b02a51aed962c96f7adb4e023085dd52f1e74-200x100.png"
"Subaru","BRZ","118","72","0.008","critical","true","https://cdn.sanity.io/images/wensahkh/production/ce63a213b64fd59b1dba16907f4107d2a49f322d-118x72.png"
"Subaru","Forester","200","122","0.024","critical","true","https://cdn.sanity.io/images/wensahkh/production/df52176effc99a38ca7b87950187c22a71df6cd4-200x122.png"
"Subaru","Impreza","200","122","0.024","critical","true","https://cdn.sanity.io/images/wensahkh/production/a6a45f66070e752d1487160d956a2b34fecbe6a2-200x122.png"
"Subaru","Levorg","118","72","0.008","critical","true","https://cdn.sanity.io/images/wensahkh/production/d4d654ffd1c426465d22751ba86a873d55ad2182-118x72.png"
"Subaru","Outback","200","122","0.024","critical","true","https://cdn.sanity.io/images/wensahkh/production/3463510ce1b6a975cd9b6c79ac10c0df93d1ca1d-200x122.png"
"Subaru","Soltera","200","75","0.015","critical","true","https://cdn.sanity.io/images/wensahkh/production/0662536359d44234abf42fbabc6fb56198471264-200x75.png"
"Subaru","Trezia","200","75","0.015","critical","true","https://cdn.sanity.io/images/wensahkh/production/0662536359d44234abf42fbabc6fb56198471264-200x75.png"
"Subaru","XV","118","72","0.008","critical","true","https://cdn.sanity.io/images/wensahkh/production/549880c809590ee70c9f1058466e9cdf514cef4a-118x72.png"
"Toyota","Auris","200","83","0.017","critical","true","https://cdn.sanity.io/images/wensahkh/production/676a4b5de36683899b73a82dccdcf727a14f9684-200x83.png"
"Toyota","Avensis","200","83","0.017","critical","true","https://cdn.sanity.io/images/wensahkh/production/4cbbae50f4fbd06a68ce4c83d649007761cac4ce-200x83.png"
"Toyota","Aygo/Aygo X","200","83","0.017","critical","true","https://cdn.sanity.io/images/wensahkh/production/8eb204e0f0b7265b6d5e511ad4336b63886bbc07-200x83.png"
"Toyota","BZ4X","200","75","0.015","critical","true","https://cdn.sanity.io/images/wensahkh/production/0662536359d44234abf42fbabc6fb56198471264-200x75.png"
"Toyota","C-HR","200","83","0.017","critical","true","https://cdn.sanity.io/images/wensahkh/production/ae649f57bd29ba837d39e56876d6034930e09ebd-200x83.png"
"Toyota","Camry","200","75","0.015","critical","true","https://cdn.sanity.io/images/wensahkh/production/0662536359d44234abf42fbabc6fb56198471264-200x75.png"
"Toyota","Corolla","200","113","0.023","critical","true","https://cdn.sanity.io/images/wensahkh/production/691b4b9b62899fffa3ef0d5365d7cfb325d92ae0-200x113.png"
"Toyota","GR86","200","75","0.015","critical","true","https://cdn.sanity.io/images/wensahkh/production/0662536359d44234abf42fbabc6fb56198471264-200x75.png"
"Toyota","GT86","200","83","0.017","critical","true","https://cdn.sanity.io/images/wensahkh/production/8354dabc9efe22f1787eff9ca61f1993d1e76ec7-200x83.png"
"Toyota","Hi-Ace","200","75","0.015","critical","true","https://cdn.sanity.io/images/wensahkh/production/0662536359d44234abf42fbabc6fb56198471264-200x75.png"
"Toyota","Hilux","200","83","0.017","critical","true","https://cdn.sanity.io/images/wensahkh/production/c8b330cde4f24dc5a2baa006a828b148683e3c78-200x83.png"
"Toyota","Land Cruiser","200","83","0.017","critical","true","https://cdn.sanity.io/images/wensahkh/production/d7e48874677318c53de36d4aa920adedf19fe94a-200x83.png"
"Toyota","Mirai","200","75","0.015","critical","true","https://cdn.sanity.io/images/wensahkh/production/0662536359d44234abf42fbabc6fb56198471264-200x75.png"
"Toyota","ProAce / ProAce Verso / ProAce City","200","83","0.017","critical","true","https://cdn.sanity.io/images/wensahkh/production/f27c836dcc0e07982c0ae1553f17eb0f0c5791c0-200x83.png"
"Toyota","Rav4","200","83","0.017","critical","true","https://cdn.sanity.io/images/wensahkh/production/ae78095b19510850378030c844ee733ff547ea74-200x83.png"
"Toyota","Supra (GR)","200","113","0.023","critical","true","https://cdn.sanity.io/images/wensahkh/production/f2c9a649de5d4cf00fb853a135da580700ed4e98-200x113.png"
"Toyota","Verso","200","83","0.017","critical","true","https://cdn.sanity.io/images/wensahkh/production/9869ee49260ecc72f141f3834d551dd5c732c733-200x83.png"
"Toyota","Yaris / Yaris Cross","200","83","0.017","critical","true","https://cdn.sanity.io/images/wensahkh/production/3d003f489902e7c5834798e58996b86c1fe6e7f5-200x83.png"
"Volkswagen","Amarok","200","80","0.016","critical","true","https://cdn.sanity.io/images/wensahkh/production/4c506202d74778929be47aab822e6d8cfbec8e8c-200x80.png"
"Volkswagen","Arteon","200","75","0.015","critical","true","https://cdn.sanity.io/images/wensahkh/production/9ac6c51742493386047d49608abe65721d76c119-200x75.png"
"Volkswagen","Atlas / Teramont","200","111","0.022","critical","true","https://cdn.sanity.io/images/wensahkh/production/244fbc8daae195f9a7751e29010f3c7b4b32ea91-200x111.png"
"Volkswagen","Caddy","200","75","0.015","critical","true","https://cdn.sanity.io/images/wensahkh/production/2c75d23c75d933bccc20ced68847e31461eae83f-200x75.png"
"Volkswagen","Coccinelle / New Beetle","200","110","0.022","critical","true","https://cdn.sanity.io/images/wensahkh/production/a585bcf22d17063054a381327064f4733f7f55f5-200x110.png"
"Volkswagen","Crafter","200","75","0.015","critical","true","https://cdn.sanity.io/images/wensahkh/production/425a5d9158894fef4e23d88bce6ab72b1a0081e1-200x75.png"
"Volkswagen","Golf","200","75","0.015","critical","true","https://cdn.sanity.io/images/wensahkh/production/bcec8145a8e9edba14f341b6efda9163ab4cf3e7-200x75.png"
"Volkswagen","Jetta / Lamando","200","110","0.022","critical","true","https://cdn.sanity.io/images/wensahkh/production/ad39b9f63a33d9b140361de7f1559d8bdf4075d7-200x110.png"
"Volkswagen","Passat / Magotan","200","75","0.015","critical","true","https://cdn.sanity.io/images/wensahkh/production/fe30742cde1414ee6e52b4c1731221f66fd70c09-200x75.png"
"Volkswagen","Passat CC / CC","200","75","0.015","critical","true","https://cdn.sanity.io/images/wensahkh/production/fe30742cde1414ee6e52b4c1731221f66fd70c09-200x75.png"
"Volkswagen","Polo","200","75","0.015","critical","true","https://cdn.sanity.io/images/wensahkh/production/154ddb7b625f1bfdfda4c8c7f0e3c4d9bc0c245c-200x75.png"
"Volkswagen","Sharan","200","75","0.015","critical","true","https://cdn.sanity.io/images/wensahkh/production/0f447528cd3c60178db3774937989dcae40235ef-200x75.png"
"Volkswagen","T-Cross","200","75","0.015","critical","true","https://cdn.sanity.io/images/wensahkh/production/6973641502e262bf020320567e9823d6c73b081e-200x75.png"
"Volkswagen","T-Roc","200","75","0.015","critical","true","https://cdn.sanity.io/images/wensahkh/production/4f23b4444893d2f4454975ab8472b414b27aa04a-200x75.png"
"Volkswagen","Tayron","200","75","0.015","critical","true","https://cdn.sanity.io/images/wensahkh/production/0662536359d44234abf42fbabc6fb56198471264-200x75.png"
"Volkswagen","Tiguan","200","75","0.015","critical","true","https://cdn.sanity.io/images/wensahkh/production/ce45e75b11992b418b7aad09a0e51d508b9bac7c-200x75.png"
"Volkswagen","Touareg","200","76","0.015","critical","true","https://cdn.sanity.io/images/wensahkh/production/497e6f3e04ef0fa4ce78bf1b600886f462e81874-200x76.png"
"Volkswagen","Touran","200","75","0.015","critical","true","https://cdn.sanity.io/images/wensahkh/production/44604fa071346016449bea138701fab679ecd6b8-200x75.png"
"Volkswagen","Transporter / Multivan","200","76","0.015","critical","true","https://cdn.sanity.io/images/wensahkh/production/67e67db640d8174bdf8d0d99fe8292a3c5ed72a6-200x76.png"
"Volkswagen","Up!","200","75","0.015","critical","true","https://cdn.sanity.io/images/wensahkh/production/edcc95003113a82ba51ad018c40f3e67db033ca1-200x75.png"
"Volvo","C40","200","75","0.015","critical","true","https://cdn.sanity.io/images/wensahkh/production/0662536359d44234abf42fbabc6fb56198471264-200x75.png"
"Volvo","ES90","200","75","0.015","critical","true","https://cdn.sanity.io/images/wensahkh/production/0662536359d44234abf42fbabc6fb56198471264-200x75.png"
"Volvo","EX30","200","75","0.015","critical","true","https://cdn.sanity.io/images/wensahkh/production/0662536359d44234abf42fbabc6fb56198471264-200x75.png"
"Volvo","EX90","200","75","0.015","critical","true","https://cdn.sanity.io/images/wensahkh/production/0662536359d44234abf42fbabc6fb56198471264-200x75.png"
"Volvo","P1800 Cyan","200","75","0.015","critical","true","https://cdn.sanity.io/images/wensahkh/production/0662536359d44234abf42fbabc6fb56198471264-200x75.png"
"Volvo","S60 / V60","200","72","0.014","critical","true","https://cdn.sanity.io/images/wensahkh/production/c8071f7ba88e23b8fd7e05681d185f77ed55fdf1-200x72.png"
"Volvo","V40 / V40 CC","200","72","0.014","critical","true","https://cdn.sanity.io/images/wensahkh/production/f6a10db177355c5515dbf1b815e11be76820015b-200x72.png"
"Volvo","XC 40","200","72","0.014","critical","true","https://cdn.sanity.io/images/wensahkh/production/5bae03949d40c0ea828c4527da07b462a19990f9-200x72.png"
"Volvo","XC 60","200","72","0.014","critical","true","https://cdn.sanity.io/images/wensahkh/production/697f108488e8c68fb2d7557f9368e9e286e8a062-200x72.png"
"Volvo","XC 90","200","72","0.014","critical","true","https://cdn.sanity.io/images/wensahkh/production/9a8128b4ffbcf0cd7ac8c0df1401a03a19ffff71-200x72.png"
"Hyundai","Getz","594","356","0.211","review","false","https://cdn.sanity.io/images/wensahkh/production/6160de2e1c7e7faefb02413dc86b4dfd69193c66-594x356.png"
"Opel","Agila","569","356","0.203","review","false","https://cdn.sanity.io/images/wensahkh/production/f568828b49ab0cd33377b69ed047fbb6674683a2-569x356.png"
"Opel","Tigra","589","356","0.21","review","false","https://cdn.sanity.io/images/wensahkh/production/34bd1f460a4c9a8c4307a97854aaaa0027ad2097-589x356.png"
"Peugeot","1007","586","356","0.209","review","false","https://cdn.sanity.io/images/wensahkh/production/212d131433f948fc3b72d8703128127ac7d3e2ed-586x356.png"
"Peugeot","206","597","356","0.213","review","false","https://cdn.sanity.io/images/wensahkh/production/803c487e8d436f6f7a0b45b68445fe24cc98b9b8-597x356.png"
"Skoda","Citigo","559","356","0.199","review","false","https://cdn.sanity.io/images/wensahkh/production/580bd1f95935248fdd056f654757b7a6f78e432b-559x356.png"
"Toyota","IQ","478","356","0.17","review","false","https://cdn.sanity.io/images/wensahkh/production/c29ff45a4fde313fbbe0efe6b30e939c1ca9225f-478x356.png"
"Volkswagen","Fox","592","356","0.211","review","false","https://cdn.sanity.io/images/wensahkh/production/e66caf1e0c782c01a256ffc9f889dab27e1d8d90-592x356.png"
"Audi","S8","798","356","0.284","good","false","https://cdn.sanity.io/images/wensahkh/production/6176904014a004ce13b67262fe10c388238b70ff-798x356.png"
"BMW","X2","708","356","0.252","good","false","https://cdn.sanity.io/images/wensahkh/production/94c5dfab563b47519fedd9c46425d6f0872aad51-708x356.png"
"BMW","X3 M","735","356","0.262","good","false","https://cdn.sanity.io/images/wensahkh/production/73165f8d44eea37083d69876a318ba87b27b3092-735x356.png"
"BMW","X4 M","735","356","0.262","good","false","https://cdn.sanity.io/images/wensahkh/production/37e3c950e3fb73cf205dc10d30e67e18f37e78a7-735x356.png"
"BMW","X7","796","356","0.283","good","false","https://cdn.sanity.io/images/wensahkh/production/9bf7033bfc4dd8d4674e0a549cd50b53b1b93a3d-796x356.png"
"BMW","XM","796","356","0.283","good","false","https://cdn.sanity.io/images/wensahkh/production/9bf7033bfc4dd8d4674e0a549cd50b53b1b93a3d-796x356.png"
"BMW","Z3","618","356","0.22","good","false","https://cdn.sanity.io/images/wensahkh/production/d090f7bee56c4151eea6e517ce24eea1dcbc1d4f-618x356.png"
"BMW","Z4","647","356","0.23","good","false","https://cdn.sanity.io/images/wensahkh/production/af67cf150d8646dad9e2a7b3f9080c70e849b0cf-647x356.png"
"Bugatti","Chiron","672","356","0.239","good","false","https://cdn.sanity.io/images/wensahkh/production/43829eadb060c98224686dce4288ab84e872fa28-672x356.png"
"Cupra","Ateca","678","356","0.241","good","false","https://cdn.sanity.io/images/wensahkh/production/b0ec92c81c4d19cbea16c7ffb55160ea7b152e89-678x356.png"
"Cupra","Formentor","685","356","0.244","good","false","https://cdn.sanity.io/images/wensahkh/production/a739e94c74a56b37334587b6432b2d730fd0682b-685x356.png"
"Cupra","Leon","721","356","0.257","good","false","https://cdn.sanity.io/images/wensahkh/production/fe16aa616a79008af9c08046a40bdb2aa6180df9-721x356.png"
"Ferrari","FF","749","356","0.267","good","false","https://cdn.sanity.io/images/wensahkh/production/3521f1fbe1466e1db1413104a157b45b5d9af267-749x356.png"
"Ford","Explorer","780","356","0.278","good","false","https://cdn.sanity.io/images/wensahkh/production/d49db52f20fd7c67923e814a34fad6946baef816-780x356.png"
"Honda","Accord","755","356","0.269","good","false","https://cdn.sanity.io/images/wensahkh/production/a499c46406fd55e572d08375c317b459c559af93-755x356.png"
"Hyundai","Azera","752","356","0.268","good","false","https://cdn.sanity.io/images/wensahkh/production/9745aef69f19d8d9e013cc0e45f917c13dde8990-752x356.png"
"Hyundai","Elantra","731","356","0.26","good","false","https://cdn.sanity.io/images/wensahkh/production/3505154c5f0282920d4b6d3174c536727490dd5f-731x356.png"
"Hyundai","Genesis","702","356","0.25","good","false","https://cdn.sanity.io/images/wensahkh/production/de7d46f6b412c8860436170947a024b3f40ddf0e-702x356.png"
"Hyundai","Grandeur","752","356","0.268","good","false","https://cdn.sanity.io/images/wensahkh/production/9745aef69f19d8d9e013cc0e45f917c13dde8990-752x356.png"
"Hyundai","ix 35","684","356","0.244","good","false","https://cdn.sanity.io/images/wensahkh/production/4adbb1c606b0aa7cf214e8de9c13515af039eae3-684x356.png"
"Hyundai","Sonata","762","356","0.271","good","false","https://cdn.sanity.io/images/wensahkh/production/8f490ee2ee82dada3720d465503ec490623b8388-762x356.png"
"Jaguar","E-Pace","673","356","0.24","good","false","https://cdn.sanity.io/images/wensahkh/production/ab909a73198581e01bc6cce4c747690305186d1f-673x356.png"
"Jaguar","X-Type","728","356","0.259","good","false","https://cdn.sanity.io/images/wensahkh/production/914792dde84a9bfad77eddbc8d28893067d6f557-728x356.png"
"Lamborghini","Gallardo","659","356","0.235","good","false","https://cdn.sanity.io/images/wensahkh/production/bd0a413b2458c54dbd77482c6ca014c291382af5-659x356.png"
"Lamborghini","Urus","761","356","0.271","good","false","https://cdn.sanity.io/images/wensahkh/production/6d565836e54c8b46465c6bc3ed299b8d47fd5b54-761x356.png"
"Landrover","Defender","696","356","0.248","good","false","https://cdn.sanity.io/images/wensahkh/production/e7b829bbbe1598bae203efe0f34935b51f63a521-696x356.png"
"Landrover","Freelander","659","356","0.235","good","false","https://cdn.sanity.io/images/wensahkh/production/15a540bb81db75223a6d3bb8a005c44c12e78b5f-659x356.png"
"Mazda","CX-30","678","356","0.241","good","false","https://cdn.sanity.io/images/wensahkh/production/f78132ad6ef2605376ce7cdfb9115f54e8da2153-678x356.png"
"Nissan","Cube","620","356","0.221","good","false","https://cdn.sanity.io/images/wensahkh/production/3134b56af41471fde923ced9796ded439970e70a-620x356.png"
"Nissan","Note","629","356","0.224","good","false","https://cdn.sanity.io/images/wensahkh/production/52fbe51e8c4b1914bbd0597008e46c88814bd5f7-629x356.png"
"Nissan","Patrol","821","356","0.292","good","false","https://cdn.sanity.io/images/wensahkh/production/70516610336e0a69b2a924757e25afd60426970c-821x356.png"
"Nissan","Primera","726","356","0.258","good","false","https://cdn.sanity.io/images/wensahkh/production/097915ca7a002a815b8aedb424a068ffa7de88d8-726x356.png"
"Nissan","Pulsar","679","356","0.242","good","false","https://cdn.sanity.io/images/wensahkh/production/cc5650581df753bab7ed4241b7f931d0a0a546e2-679x356.png"
"Nissan","Sentra","720","356","0.256","good","false","https://cdn.sanity.io/images/wensahkh/production/af08db34c4e88df234daba216ccec7666b8b86b6-720x356.png"
"Opel","Cascada","712","356","0.253","good","false","https://cdn.sanity.io/images/wensahkh/production/bec05fe68aa656f3d49195e1161e42d5d918e79d-712x356.png"
"Opel","GT","652","356","0.232","good","false","https://cdn.sanity.io/images/wensahkh/production/891a4244773843642e7662ab27ccf2027b84ae6f-652x356.png"
"Opel","Meriva","649","356","0.231","good","false","https://cdn.sanity.io/images/wensahkh/production/ead967b333ed77534ac510f56432a29c7a71a15c-649x356.png"
"Opel","Mokka","636","356","0.226","good","false","https://cdn.sanity.io/images/wensahkh/production/a1090a91d029c9de3cb85af06cbfb6732c23e790-636x356.png"
"Opel","Signum","716","356","0.255","good","false","https://cdn.sanity.io/images/wensahkh/production/a2f9def5b92c4c9b833cd875f1940a3a6c912f78-716x356.png"
"Opel","Vectra","711","356","0.253","good","false","https://cdn.sanity.io/images/wensahkh/production/f8e0e2557226066d8c2646e5c83dde08d99be554-711x356.png"
"Opel","Zafira Life","694","356","0.247","good","false","https://cdn.sanity.io/images/wensahkh/production/611c7211ab41bb656188eef01e20b3fd52bcf63e-694x356.png"
"Peugeot","207","644","356","0.229","good","false","https://cdn.sanity.io/images/wensahkh/production/99099ed1f8e1c9ca1cdfcb08d99e7f98f02def7f-644x356.png"
"Peugeot","306","626","356","0.223","good","false","https://cdn.sanity.io/images/wensahkh/production/4532388236f55999a864b4734520246af76fb4f2-626x356.png"
"Peugeot","307","652","356","0.232","good","false","https://cdn.sanity.io/images/wensahkh/production/86f8cfd0412f883c0c005e4acfed5f7a6ec5d400-652x356.png"
"Peugeot","4007","720","356","0.256","good","false","https://cdn.sanity.io/images/wensahkh/production/1e079465e4a9ff57d585a79a381d03a3f1a1afd1-720x356.png"
"Peugeot","4008","671","356","0.239","good","false","https://cdn.sanity.io/images/wensahkh/production/dd574208f1684d81134717f26ba845aeefc793ea-671x356.png"
"Peugeot","406","706","356","0.251","good","false","https://cdn.sanity.io/images/wensahkh/production/cfad5ad2d13bb494b3ce3a8f715d201544cd414c-706x356.png"
"Peugeot","407","734","356","0.261","good","false","https://cdn.sanity.io/images/wensahkh/production/5ac41e97d9c6a5d72d3852a9c6f3f1e5d25e194d-734x356.png"
"Peugeot","408","723","356","0.257","good","false","https://cdn.sanity.io/images/wensahkh/production/2ab970c83b2e1c880d9ecde1d7f52dc049355c8b-723x356.png"
"Peugeot","607","768","356","0.273","good","false","https://cdn.sanity.io/images/wensahkh/production/42b057af894ad1b7f1960b60be66f2bc8a9c514e-768x356.png"
"Peugeot","807","733","356","0.261","good","false","https://cdn.sanity.io/images/wensahkh/production/f46c05d525053e750639a9315aa9494bf2948333-733x356.png"
"Peugeot","RCZ","659","356","0.235","good","false","https://cdn.sanity.io/images/wensahkh/production/919ed87636ca4629bb4271dc35dbcd22ce317009-659x356.png"
"Porsche","Taycan","749","356","0.267","good","false","https://cdn.sanity.io/images/wensahkh/production/87a6aa97a068bd3f981cffcaf0d99461dc079029-749x356.png"
"Renault","Alaskan","847","356","0.302","good","false","https://cdn.sanity.io/images/wensahkh/production/eef4f045506529c8b143259de6586742afb900df-847x356.png"
"Renault","Arkana","701","356","0.25","good","false","https://cdn.sanity.io/images/wensahkh/production/2b7022eb3459ff82e43ed27e67e6de819d522f6a-701x356.png"
"Renault","Fluence","734","356","0.261","good","false","https://cdn.sanity.io/images/wensahkh/production/3753823c36ca3c68d649f7c8d3c4da9a3bf43716-734x356.png"
"Renault","Kangoo / Express Van / Van","703","356","0.25","good","false","https://cdn.sanity.io/images/wensahkh/production/20476ba1300d2ca5ce1c166f4604d475cb279a41-703x356.png"
"Renault","Laguna","703","356","0.25","good","false","https://cdn.sanity.io/images/wensahkh/production/c686757f38dcbb5ae3bd7cd6b6decef35a736ef0-703x356.png"
"Renault","Trafic","867","356","0.309","good","false","https://cdn.sanity.io/images/wensahkh/production/1bea484c0ce1c82f5eca83e45e2ebdbee4772ea7-867x356.png"
"Saab","9-3","717","356","0.255","good","false","https://cdn.sanity.io/images/wensahkh/production/13136af6219244ffeb01f88f5a65ca50b23edaf0-717x356.png"
"Saab","9-5","746","356","0.266","good","false","https://cdn.sanity.io/images/wensahkh/production/beaad00868e1a201958f83b23873162231dd5190-746x356.png"
"Seat","Altea","653","356","0.232","good","false","https://cdn.sanity.io/images/wensahkh/production/e429f1ec03f03ef6f2de7969a49aa80ec62787b8-653x356.png"
"Seat","Altea XL","653","356","0.232","good","false","https://cdn.sanity.io/images/wensahkh/production/e429f1ec03f03ef6f2de7969a49aa80ec62787b8-653x356.png"
"Seat","Exeo","709","356","0.252","good","false","https://cdn.sanity.io/images/wensahkh/production/5f0c93979c3855c2b1a747da388197dfa2ce37c9-709x356.png"
"Skoda","Fabia","630","356","0.224","good","false","https://cdn.sanity.io/images/wensahkh/production/0c05dee9e983484c9f8617933d2b2179a9584fb0-630x356.png"
"Skoda","Karoq","673","356","0.24","good","false","https://cdn.sanity.io/images/wensahkh/production/2f0767226138bc1284b03dd836a74d8d4425df03-673x356.png"
"Skoda","Kodiaq","736","356","0.262","good","false","https://cdn.sanity.io/images/wensahkh/production/dedd96de2624cccc0cdf56275e2d5e2666418644-736x356.png"
"Skoda","Octavia","717","356","0.255","good","false","https://cdn.sanity.io/images/wensahkh/production/f08cf2659ebd792b371751ea7d2ea729e0c4a523-717x356.png"
"Skoda","Rapid","662","356","0.236","good","false","https://cdn.sanity.io/images/wensahkh/production/6aac864be0bb564cba9481a13945a43a02747738-662x356.png"
"Skoda","Roomster","646","356","0.23","good","false","https://cdn.sanity.io/images/wensahkh/production/dc6fefa025b22a499d9d2ae4a882e8e6f7d758d4-646x356.png"
"Skoda","Scala","676","356","0.241","good","false","https://cdn.sanity.io/images/wensahkh/production/1030be4e310c5639d99aea06d3f848397524b9f2-676x356.png"
"Skoda","Superb","759","356","0.27","good","false","https://cdn.sanity.io/images/wensahkh/production/d6ca53cbfb02e18690f7d54fda5e0be95d116853-759x356.png"
"Skoda","Yeti","650","356","0.231","good","false","https://cdn.sanity.io/images/wensahkh/production/cac42f0be178e35d157a4c7e621400b197a5dda1-650x356.png"
"Subaru","Legacy","744","356","0.265","good","false","https://cdn.sanity.io/images/wensahkh/production/aea3162539a682682cb20a0459735c21aac67a71-744x356.png"
"Toyota","Urban Cruiser","625","356","0.223","good","false","https://cdn.sanity.io/images/wensahkh/production/0cd50c0ea7199efb6e8bcf3d0fa5af7f6ab7ae30-625x356.png"
"Toyota","Verso S","618","356","0.22","good","false","https://cdn.sanity.io/images/wensahkh/production/48f4f3cddaf4da8d927383ff5abe5583ff27cc06-618x356.png"
"Volkswagen","Bora","678","356","0.241","good","false","https://cdn.sanity.io/images/wensahkh/production/072512be8e81e98e89faaf0f7a7995ee16775e25-678x356.png"
"Volkswagen","Eos","675","356","0.24","good","false","https://cdn.sanity.io/images/wensahkh/production/0d99b024d8d8e4218f0c9df7dbef7e85d1569d8c-675x356.png"
"Volkswagen","Phaeton","772","356","0.275","good","false","https://cdn.sanity.io/images/wensahkh/production/994f694cad5aea9d360759439eb0025c562dc7d1-772x356.png"
"Volkswagen","Scirocco","646","356","0.23","good","false","https://cdn.sanity.io/images/wensahkh/production/2b0484dc364672f64634beb6f11d427ed3637775-646x356.png"
"Volkswagen","Taigo","653","356","0.232","good","false","https://cdn.sanity.io/images/wensahkh/production/23ad06417b2a9921b4c82e60cc6790aa4affba8b-653x356.png"
"Volvo","C30","661","356","0.235","good","false","https://cdn.sanity.io/images/wensahkh/production/a53b9826798ac7c50a3e002234ecee50522f08c6-661x356.png"
"Volvo","C70","730","356","0.26","good","false","https://cdn.sanity.io/images/wensahkh/production/ff09526f9d56e22667a7803e1fa25e89c9fbd44b-730x356.png"
"Volvo","S80","745","356","0.265","good","false","https://cdn.sanity.io/images/wensahkh/production/8bbf39faeead357f06063981fe4b858362daace6-745x356.png"
"Volvo","V50/S40","697","356","0.248","good","false","https://cdn.sanity.io/images/wensahkh/production/a7e86fbe662a1bd8e9135a956edff99e64731d9f-697x356.png"
"Volvo","V70","747","356","0.266","good","false","https://cdn.sanity.io/images/wensahkh/production/37ad80b53edd79ba2fa0e9186c8d340b08666ada-747x356.png"
"Volvo","V90/S90","757","356","0.269","good","false","https://cdn.sanity.io/images/wensahkh/production/fd8f57b7b07c3c7faec6d4029485481367844833-757x356.png"
"Volvo","XC 70","749","356","0.267","good","false","https://cdn.sanity.io/images/wensahkh/production/0b472444bf7a4a6b5f6634b95de28acec30aa2b6-749x356.png"
